<?xml version="1.0" encoding="utf-8"?>
<!-- Created by ModBuddy on 6/10/2013 10:33:47 PM -->
<GameData>
	<Improvements>
		<Row>
			<Type>IMPROVEMENT_TULLY_POLDER</Type>
			<Description>TXT_KEY_IMPROVEMENT_TULLY_POLDER</Description>
			<Civilopedia>TXT_KEY_CIV5_IMPROVEMENTS_TULLY_POLDER_TEXT</Civilopedia>
			<Help>TXT_KEY_CIV5_IMPROVEMENTS_TULLY_POLDER_HELP</Help>
			<ArtDefineTag>ART_DEF_IMPROVEMENT_POLDER</ArtDefineTag>
			<RiverSideMakesValid>true</RiverSideMakesValid>
			<SpecificCivRequired>true</SpecificCivRequired>
			<CivilizationType>CIVILIZATION_RUSSIA</CivilizationType>
			<PillageGold>18</PillageGold>
			<PortraitIndex>0</PortraitIndex>
			<IconAtlas>EXPANSION_TERRAIN_ATLAS</IconAtlas>
		</Row>
		<!--<Delete Type="IMPROVEMENT_TERRACE_FARM"/>
		<Delete Type="IMPROVEMENT_MOAI"/>
		<Delete Type="IMPROVEMENT_POLDER"/>
		<Delete Type="IMPROVEMENT_BRAZILWOOD_CAMP"/>-->
		<Update>
			<Where Type="IMPROVEMENT_CHATEAU"/>
			<Set SpecificCivRequired="false" CivilizationType="NULL"/>
		</Update>
	</Improvements>

	<Improvement_Yields>
		<Row>
			<ImprovementType>IMPROVEMENT_TULLY_POLDER</ImprovementType>
			<YieldType>YIELD_PRODUCTION</YieldType>
			<Yield>1</Yield>
		</Row>
		<!--<Delete ImprovementType="IMPROVEMENT_TERRACE_FARM"/>
		<Delete ImprovementType="IMPROVEMENT_MOAI"/>
		<Delete ImprovementType="IMPROVEMENT_POLDER"/>
		<Delete ImprovementType="IMPROVEMENT_BRAZILWOOD_CAMP"/>
		<Delete ImprovementType="IMPROVEMENT_CHATEAU"/>-->
	</Improvement_Yields>
	<Improvement_AdjacentMountainYieldChanges>
		<!--<Delete ImprovementType="IMPROVEMENT_TERRACE_FARM"/>-->
	</Improvement_AdjacentMountainYieldChanges>
	<Improvement_ValidTerrains>
		<!--<Delete ImprovementType="IMPROVEMENT_TERRACE_FARM"/>
		<Delete ImprovementType="IMPROVEMENT_MOAI"/>
		<Delete ImprovementType="IMPROVEMENT_POLDER"/>
		<Delete ImprovementType="IMPROVEMENT_BRAZILWOOD_CAMP"/>
		<Delete ImprovementType="IMPROVEMENT_CHATEAU"/>-->
	</Improvement_ValidTerrains>
	<Improvement_ValidFeatures>
		<!--<Delete ImprovementType="IMPROVEMENT_POLDER"/>-->
	</Improvement_ValidFeatures>
	<Improvement_TechYieldChanges>
		<Row>
			<ImprovementType>IMPROVEMENT_TULLY_POLDER</ImprovementType>
			<TechType>TECH_BANKING</TechType>
			<YieldType>YIELD_GOLD</YieldType>
			<Yield>2</Yield>
		</Row>
		<Update>
			<Where ImprovementType="IMPROVEMENT_TRADING_POST"/>
			<Set TechType="TECH_BANKING"/>
		</Update>
		<Update>
			<Where ImprovementType="IMPROVEMENT_CAMP"/>
			<Set TechType="TECH_GUILDS"/>
		</Update>
		<Update>
			<Where ImprovementType="IMPROVEMENT_CUSTOMS_HOUSE"/>
			<Set TechType="TECH_BANKING"/>
		</Update>
		<!--<Delete ImprovementType="IMPROVEMENT_MOAI"/>
		<Delete ImprovementType="IMPROVEMENT_POLDER"/>
		<Delete ImprovementType="IMPROVEMENT_BRAZILWOOD_CAMP"/>
		<Delete ImprovementType="IMPROVEMENT_CHATEAU"/>-->
	</Improvement_TechYieldChanges>
	<Improvement_TechFreshWaterYieldChanges>
		<!--<Delete ImprovementType="IMPROVEMENT_TERRACE_FARM"/>-->
	</Improvement_TechFreshWaterYieldChanges>
	<Improvement_TechNoFreshWaterYieldChanges>
		<!--<Delete ImprovementType="IMPROVEMENT_TERRACE_FARM"/>-->
	</Improvement_TechNoFreshWaterYieldChanges>
	<Builds>
		<Row>
			<Type>BUILD_TULLY_POLDER</Type>
			<PrereqTech>TECH_GUILDS</PrereqTech>
			<Time>700</Time>
			<ImprovementType>IMPROVEMENT_TULLY_POLDER</ImprovementType>
			<Description>TXT_KEY_BUILD_TULLY_POLDER</Description>
			<Recommendation>TXT_KEY_BUILD_PRO_REC</Recommendation>
			<EntityEvent>ENTITY_EVENT_IRRIGATE</EntityEvent>
			<HotKey>KB_E</HotKey>
			<OrderPriority>97</OrderPriority>
			<IconIndex>0</IconIndex>
			<IconAtlas>EXPANSION_UNIT_ACTION_ATLAS</IconAtlas>
		</Row>
		<!--<Delete Type="BUILD_TERRACE_FARM"/>
		<Delete Type="BUILD_MOAI"/>
		<Delete Type="BUILD_POLDER"/>
		<Delete Type="BUILD_BRAZILWOOD_CAMP"/>-->
		<Update>
			<Where Type="BUILD_CHATEAU"/>
			<Set PrereqTech="TECH_NANOTECHNOLOGY"/>
		</Update>
		
	</Builds>
	<Language_en_US>
		<Row Tag="TXT_KEY_IMPROVEMENT_TULLY_POLDER">
			<Text>Tully Polder</Text>
		</Row>
		<Row Tag="TXT_KEY_CIV5_IMPROVEMENTS_TULLY_POLDER_TEXT">
			<Text>A polder is a low-lying tract of land enclosed by embankments known as dikes that forms an artificial hydrological entity, meaning it has connection with outside water only through manually operated devices.Water enters the low-lying polder through water pressure of ground water, or rainfall, or transport of water by rivers and canals. This usually means that the polder has an excess of water, which is pumped out or drained by opening sluices at low tide.</Text>
		</Row>
		<Row Tag="TXT_KEY_CIV5_IMPROVEMENTS_TULLY_POLDER_HELP">
			<Text>A Polder can only be built on tiles next to a river. It provides +1 [ICON_PRODUCTION] Production immediately and +2 [ICON_GOLD] Gold once Banking is researched.</Text>
		</Row>
		<Row Tag="TXT_KEY_BUILD_TULLY_POLDER">
			<Text>Construct a [LINK=IMPROVEMENT_TULLY_POLDER]Tully Polder[\LINK]</Text>
		</Row>
		<Row Tag="TXT_KEY_BUILD_PRO_REC">
			<Text>It will increase the amount of [ICON_PRODUCTION] Production provided by this tile.</Text>
		</Row>
	</Language_en_US>
</GameData>