<?xml version="1.0" encoding="utf-8"?>
<!-- Created by ModBuddy on 6/6/2013 6:15:27 PM -->
<GameData>
	<UnitPromotions>
		<Row>
			<Type>PROMOTION_VALEMAN</Type>
			<Description>TXT_KEY_PROMOTION_VALEMAN</Description>
			<Help>TXT_KEY_PROMOTION_VALEMAN_HELP</Help>
			<Sound>AS2D_IF_LEVELUP</Sound>
			<PortraitIndex>59</PortraitIndex>
			<HillsAttack>33</HillsAttack>
			<HillsDefense>33</HillsDefense>
			<IconAtlas>ABILITY_ATLAS</IconAtlas>
			<PediaType>PEDIA_ATTRIBUTES</PediaType>
			<PediaEntry>TXT_KEY_PROMOTION_VALEMAN</PediaEntry>
		</Row>
		<Row>
			<Type>PROMOTION_DEFENDER</Type>
			<Description>TXT_KEY_PROMOTION_DEFENDER</Description>
			<Help>TXT_KEY_PROMOTION_DEFENDER_HELP</Help>
			<Sound>AS2D_IF_LEVELUP</Sound>
			<PortraitIndex>59</PortraitIndex>
			<CannotBeChosen>true</CannotBeChosen>
			<FriendlyLandsModifier>15</FriendlyLandsModifier>
			<IconAtlas>ABILITY_ATLAS</IconAtlas>
			<PediaType>PEDIA_ATTRIBUTES</PediaType>
			<PediaEntry>TXT_KEY_PROMOTION_DEFENDER</PediaEntry>
		</Row>
		<Row>
			<Type>PROMOTION_CRANNOGMAN</Type>
			<Description>TXT_KEY_PROMOTION_CRANNOGMAN</Description>
			<Help>TXT_KEY_PROMOTION_CRANNOGMAN_HELP</Help>
			<Sound>AS2D_IF_LEVELUP</Sound>
			<PortraitIndex>59</PortraitIndex>
			<IconAtlas>ABILITY_ATLAS</IconAtlas>
			<PediaType>PEDIA_ATTRIBUTES</PediaType>
			<PediaEntry>TXT_KEY_PEDIA_PROMOTION_CRANNOGMAN</PediaEntry>
		</Row>
	</UnitPromotions>
	<UnitPromotions_Features>
		<Row>
			<PromotionType>PROMOTION_CRANNOGMAN</PromotionType>
			<FeatureType>FEATURE_FOREST</FeatureType>
			<Defense>33</Defense>
			<Attack>33</Attack>
			<DoubleMove>true</DoubleMove>
		</Row>
		<Row>
			<PromotionType>PROMOTION_CRANNOGMAN</PromotionType>
			<FeatureType>FEATURE_MARSH</FeatureType>
			<Defense>33</Defense>
			<Attack>33</Attack>
			<DoubleMove>true</DoubleMove>
		</Row>
	</UnitPromotions_Features>
	<!--<UnitPromotions>
		<Row>
			<Type>PROMOTION_GROWING_DRAGON</Type>
			<Description>TXT_KEY_PROMOTION_GROWING_DRAGON</Description>
			<Help>TXT_KEY_PROMOTION_GROWING_DRAGON_HELP</Help>
			<Sound>AS2D_IF_LEVELUP</Sound>
			<OrderPriority>1</OrderPriority>
			<CombatPercent>400</CombatPercent>
			<MovesChange>1</MovesChange>
			<PortraitIndex>19</PortraitIndex>
			<IconAtlas>PROMOTION_ATLAS</IconAtlas>
			<PediaType>PEDIA_ATTRIBUTES</PediaType>
			<PediaEntry>TXT_KEY_PROMOTION_GROWING_DRAGON</PediaEntry>
		</Row>
		<Row>
			<Type>PROMOTION_MATURE_DRAGON</Type>
			<Description>TXT_KEY_PROMOTION_MATURE_DRAGON</Description>
			<Help>TXT_KEY_PROMOTION_GROWING_MATURE_HELP</Help>
			<Sound>AS2D_IF_LEVELUP</Sound>
			<OrderPriority>1</OrderPriority>
			<PromotionPrereqOr1>PROMOTION_GROWING_DRAGON</PromotionPrereqOr1>
			<CombatPercent>50</CombatPercent>
			<MovesChange>1</MovesChange>
			<PortraitIndex>20</PortraitIndex>
			<IconAtlas>PROMOTION_ATLAS</IconAtlas>
			<PediaType>PEDIA_ATTRIBUTES</PediaType>
			<PediaEntry>TXT_KEY_PROMOTION_MATURE_DRAGON</PediaEntry>
		</Row>
		<Row>
			<Type>PROMOTION_ELDER_DRAGON</Type>
			<Description>TXT_KEY_PROMOTION_ELDER_DRAGON</Description>
			<Help>TXT_KEY_PROMOTION_ELDER_DRAGON_HELP</Help>
			<Sound>AS2D_IF_LEVELUP</Sound>
			<OrderPriority>1</OrderPriority>
			<PromotionPrereqOr1>PROMOTION_MATURE_DRAGON</PromotionPrereqOr1>
			<CombatPercent>25</CombatPercent>
			<MovesChange>1</MovesChange>
			<PortraitIndex>21</PortraitIndex>
			<IconAtlas>PROMOTION_ATLAS</IconAtlas>
			<PediaType>PEDIA_ATTRIBUTES</PediaType>
			<PediaEntry>TXT_KEY_PROMOTION_ELDER_DRAGON</PediaEntry>
		</Row>
	</UnitPromotions>
	<UnitPromotions_UnitCombats>
		<Row>
			<PromotionType>PROMOTION_EMBARKATION</PromotionType>
			<UnitCombatType>UNITCOMBAT_DRAGON</UnitCombatType>
		</Row>
		<Row>
			<PromotionType>PROMOTION_DEFENSIVE_EMBARKATION</PromotionType>
			<UnitCombatType>UNITCOMBAT_DRAGON</UnitCombatType>
		</Row>
		<Row>
			<PromotionType>PROMOTION_ALLWATER_EMBARKATION</PromotionType>
			<UnitCombatType>UNITCOMBAT_DRAGON</UnitCombatType>
		</Row>
		<Row>
			<PromotionType>PROMOTION_INSTA_HEAL</PromotionType>
			<UnitCombatType>UNITCOMBAT_DRAGON</UnitCombatType>
		</Row>
		<Row>
			<PromotionType>PROMOTION_MORALE</PromotionType>
			<UnitCombatType>UNITCOMBAT_DRAGON</UnitCombatType>
		</Row>
		<Row>
			<PromotionType>PROMOTION_ADJACENT_BONUS</PromotionType>
			<UnitCombatType>UNITCOMBAT_DRAGON</UnitCombatType>
		</Row>
		<Row>
			<PromotionType>PROMOTION_NATIONALISM</PromotionType>
			<UnitCombatType>UNITCOMBAT_DRAGON</UnitCombatType>
		</Row>
		<Row>
			<PromotionType>PROMOTION_GROWING_DRAGON</PromotionType>
			<UnitCombatType>UNITCOMBAT_DRAGON</UnitCombatType>
		</Row>
		<Row>
			<PromotionType>PROMOTION_MATURE_DRAGON</PromotionType>
			<UnitCombatType>UNITCOMBAT_DRAGON</UnitCombatType>
		</Row>
		<Row>
			<PromotionType>PROMOTION_ELDER_DRAGON</PromotionType>
			<UnitCombatType>UNITCOMBAT_DRAGON</UnitCombatType>
		</Row>
	</UnitPromotions_UnitCombats>-->
</GameData>