<?xml version="1.0" encoding="utf-8"?>
<!-- Created by ModBuddy on 10/13/2012 11:37:43 PM -->
<GameData>
	<!-- Delete Vanilla and G&K UUs -->
	<Units>
		<Delete Type="UNIT_ENGLISH_SHIPOFTHELINE"/>
		<Delete Type="UNIT_AMERICAN_B17"/>
		<Delete Type="UNIT_JAPANESE_ZERO"/>
		<Delete Type="UNIT_GERMAN_PANZER"/>
		<Delete Type="UNIT_FRENCH_FOREIGNLEGION"/>
		<Delete Type="UNIT_RUSSIAN_COSSACK"/>
		<Delete Type="UNIT_OTTOMAN_SIPAHI"/>
		<Delete Type="UNIT_AMERICAN_MINUTEMAN"/>
		<Delete Type="UNIT_FRENCH_MUSKETEER"/>
		<Delete Type="UNIT_OTTOMAN_JANISSARY"/>
		<Delete Type="UNIT_JAPANESE_SAMURAI"/>
		<Delete Type="UNIT_ARABIAN_CAMELARCHER"/>
		<Delete Type="UNIT_SIAMESE_WARELEPHANT"/>
		<Delete Type="UNIT_SONGHAI_MUSLIMCAVALRY"/>
		<Delete Type="UNIT_CHINESE_CHUKONU"/>
		<Delete Type="UNIT_ENGLISH_LONGBOWMAN"/>
		<Delete Type="UNIT_GERMAN_LANDSKNECHT"/>
		<Delete Type="UNIT_ROMAN_BALLISTA"/>
		<Delete Type="UNIT_GREEK_COMPANIONCAVALRY"/>
		<Delete Type="UNIT_IROQUOIAN_MOHAWKWARRIOR"/>
		<Delete Type="UNIT_ROMAN_LEGION"/>
		<!--<Delete Type="UNIT_CHARIOT_ARCHER"/>-->
		<Delete Type="UNIT_EGYPTIAN_WARCHARIOT"/>
		<Delete Type="UNIT_INDIAN_WARELEPHANT"/>
		<Delete Type="UNIT_GREEK_HOPLITE"/>
		<Delete Type="UNIT_PERSIAN_IMMORTAL"/>
		<Delete Type="UNIT_AZTEC_JAGUAR"/>
		<Delete Type="UNIT_CELT_PICTISH_WARRIOR"/>
		<Delete Type="UNIT_MAYAN_ATLATLIST"/>
		<Delete Type="UNIT_BYZANTINE_DROMON"/>
		<Delete Type="UNIT_BYZANTINE_CATAPHRACT"/>
		<Delete Type="UNIT_CARTHAGINIAN_FOREST_ELEPHANT"/>
		<Delete Type="UNIT_CARTHAGINIAN_QUINQUEREME"/>
		<Delete Type="UNIT_AUSTRIAN_HUSSAR"/>
		<Delete Type="UNIT_ETHIOPIAN_MEHAL_SEFARI"/>
		<Delete Type="UNIT_SWEDISH_CAROLEAN"/>
		<Delete Type="UNIT_SWEDISH_HAKKAPELIITTA"/>
		<Delete Type="UNIT_HUN_BATTERING_RAM"/>
		<Delete Type="UNIT_HUN_HORSE_ARCHER"/>
		<Delete Type="UNIT_DUTCH_SEA_BEGGAR"/>
		<Delete Type="UNIT_SPANISH_TERCIO"/>
		<Delete Type="UNIT_SPANISH_CONQUISTADOR"/>
		<Delete Type="UNIT_MONGOLIAN_KESHIK"/>
		<Delete Type="UNIT_MONGOLIAN_KHAN"/>
		<Delete Type="UNIT_INCAN_SLINGER"/>
		<Delete Type="UNIT_POLYNESIAN_MAORI_WARRIOR"/>
		<Delete Type="UNIT_DANISH_BERSERKER"/>
		<Delete Type="UNIT_DANISH_SKI_INFANTRY"/>
		<Delete Type="UNIT_KOREAN_TURTLE_SHIP"/>
		<Delete Type="UNIT_KOREAN_HWACHA"/>
		<Delete Type="UNIT_BABYLONIAN_BOWMAN"/>
	</Units>
	<!-- STARK DIREWOLF -->
	<Units>
		<Row>
			<Class>UNITCLASS_SCOUT</Class>
			<Type>UNIT_DIREWOLF</Type>
			<Combat>7</Combat>
			<Cost>30</Cost>
			<FaithCost>70</FaithCost>
			<RequiresFaithPurchaseEnabled>true</RequiresFaithPurchaseEnabled>
			<Moves>2</Moves>
			<CombatClass>UNITCOMBAT_MELEE</CombatClass>
			<Domain>DOMAIN_LAND</Domain>
			<DefaultUnitAI>UNITAI_ATTACK</DefaultUnitAI>
			<Description>TXT_KEY_UNIT_DIREWOLF</Description>
			<Civilopedia>TXT_KEY_CIV5_DIREWOLF_TEXT</Civilopedia>
			<Strategy>TXT_KEY_UNIT_DIREWOLF_STRATEGY</Strategy>
			<Help>TXT_KEY_UNIT_HELP_DIREWOLF</Help>
			<MilitarySupport>true</MilitarySupport>
			<MilitaryProduction>true</MilitaryProduction>
			<ObsoleteTech>TECH_SCIENTIFIC_THEORY</ObsoleteTech>
			<AdvancedStartCost>10</AdvancedStartCost>
			<XPValueAttack>3</XPValueAttack>
			<XPValueDefense>3</XPValueDefense>
			<UnitArtInfo>ART_DEF_UNIT_WOLF</UnitArtInfo>
			<UnitFlagAtlas>WOLVES_UNIT_FLAG_ATLAS</UnitFlagAtlas>
			<UnitFlagIconOffset>0</UnitFlagIconOffset>
			<IconAtlas>WOLVES_UNIT_ATLAS</IconAtlas>
			<PortraitIndex>0</PortraitIndex>
		</Row>
	</Units>
	<Unit_FreePromotions>
		<Row>
			<UnitType>UNIT_DIREWOLF</UnitType>
			<PromotionType>PROMOTION_IGNORE_TERRAIN_COST</PromotionType>
		</Row>
		<Row>
			<UnitType>UNIT_DIREWOLF</UnitType>
			<PromotionType>PROMOTION_NO_CAPTURE</PromotionType>
		</Row>
		<Row>
			<UnitType>UNIT_DIREWOLF</UnitType>
			<PromotionType>PROMOTION_NO_DEFENSIVE_BONUSES</PromotionType>
		</Row>
	</Unit_FreePromotions>
	<Unit_AITypes>
		<Row>
			<UnitType>UNIT_DIREWOLF</UnitType>
			<UnitAIType>UNITAI_ATTACK</UnitAIType>
		</Row>
		<Row>
			<UnitType>UNIT_DIREWOLF</UnitType>
			<UnitAIType>UNITAI_DEFENSE</UnitAIType>
		</Row>
		<Row>
			<UnitType>UNIT_DIREWOLF</UnitType>
			<UnitAIType>UNITAI_EXPLORE</UnitAIType>
		</Row>
	</Unit_AITypes>
	<Unit_Flavors>
		<Row>
			<UnitType>UNIT_DIREWOLF</UnitType>
			<FlavorType>FLAVOR_RECON</FlavorType>
			<Flavor>1</Flavor>
		</Row>
		<Row>
			<UnitType>UNIT_DIREWOLF</UnitType>
			<FlavorType>FLAVOR_OFFENSE</FlavorType>
			<Flavor>2</Flavor>
		</Row>
		<Row>
			<UnitType>UNIT_DIREWOLF</UnitType>
			<FlavorType>FLAVOR_DEFENSE</FlavorType>
			<Flavor>2</Flavor>
		</Row>
	</Unit_Flavors>

	<!-- BLOOD RIDER -->
	<Units>
		<Row>
			<Class>UNITCLASS_KNIGHT</Class>
			<Type>UNIT_BLOOD_RIDER</Type>
			<PrereqTech>TECH_CHIVALRY</PrereqTech>
			<Combat>20</Combat>
			<Cost>120</Cost>
			<FaithCost>240</FaithCost>
			<RequiresFaithPurchaseEnabled>true</RequiresFaithPurchaseEnabled>
			<Moves>4</Moves>
			<CombatClass>UNITCOMBAT_MOUNTED</CombatClass>
			<Domain>DOMAIN_LAND</Domain>
			<DefaultUnitAI>UNITAI_FAST_ATTACK</DefaultUnitAI>
			<Description>TXT_KEY_UNIT_BLOOD_RIDER</Description>
			<Civilopedia>TXT_KEY_CIV5_BLOOD_RIDER_TEXT</Civilopedia>
			<Strategy>TXT_KEY_UNIT_BLOOD_RIDER_STRATEGY</Strategy>
			<Help>TXT_KEY_UNIT_HELP_BLOOD_RIDER</Help>
			<MilitarySupport>true</MilitarySupport>
			<MilitaryProduction>true</MilitaryProduction>
			<Pillage>true</Pillage>
			<ObsoleteTech>TECH_MILITARY_SCIENCE</ObsoleteTech>
			<AdvancedStartCost>25</AdvancedStartCost>
			<XPValueAttack>3</XPValueAttack>
			<XPValueDefense>3</XPValueDefense>
			<UnitArtInfo>ART_DEF_UNIT_HORSEMAN</UnitArtInfo>
			<UnitFlagAtlas>ADLC02_UNIT_FLAG_ATLAS</UnitFlagAtlas>
			<UnitFlagIconOffset>4</UnitFlagIconOffset>
			<IconAtlas>ADRAGON_UNIT_ATLAS</IconAtlas>
			<PortraitIndex>10</PortraitIndex>
			<MoveRate>QUADRUPED</MoveRate>
		</Row>
	</Units>
	<Unit_AITypes>
		<Row>
			<UnitType>UNIT_BLOOD_RIDER</UnitType>
			<UnitAIType>UNITAI_ATTACK</UnitAIType>
		</Row>
		<Row>
			<UnitType>UNIT_BLOOD_RIDER</UnitType>
			<UnitAIType>UNITAI_DEFENSE</UnitAIType>
		</Row>
		<Row>
			<UnitType>UNIT_BLOOD_RIDER</UnitType>
			<UnitAIType>UNITAI_FAST_ATTACK</UnitAIType>
		</Row>
	</Unit_AITypes>

	<Unit_Flavors>
		<Row>
			<UnitType>UNIT_BLOOD_RIDER</UnitType>
			<FlavorType>FLAVOR_OFFENSE</FlavorType>
			<Flavor>12</Flavor>
		</Row>
		<Row>
			<UnitType>UNIT_BLOOD_RIDER</UnitType>
			<FlavorType>FLAVOR_DEFENSE</FlavorType>
			<Flavor>4</Flavor>
		</Row>
		<Row>
			<UnitType>UNIT_BLOOD_RIDER</UnitType>
			<FlavorType>FLAVOR_MOBILE</FlavorType>
			<Flavor>10</Flavor>
		</Row>
	</Unit_Flavors>
	<Unit_FreePromotions>
		<Row>
			<UnitType>UNIT_BLOOD_RIDER</UnitType>
			<PromotionType>PROMOTION_NO_DEFENSIVE_BONUSES</PromotionType>
		</Row>
		<Row>
			<UnitType>UNIT_BLOOD_RIDER</UnitType>
			<PromotionType>PROMOTION_CAN_MOVE_AFTER_ATTACKING</PromotionType>
		</Row>
	</Unit_FreePromotions>
	<Unit_ResourceQuantityRequirements>
		<Row>
			<UnitType>UNIT_BLOOD_RIDER</UnitType>
			<ResourceType>RESOURCE_HORSE</ResourceType>
		</Row>
	</Unit_ResourceQuantityRequirements>

	<!-- DOTHRAKI KHAS -->
	<Units>
		<Row>
			<Class>UNITCLASS_LONGSWORDSMAN</Class>
			<Type>UNIT_KHAS</Type>
			<PrereqTech>TECH_STEEL</PrereqTech>
			<Combat>24</Combat>
			<Cost>120</Cost>
			<FaithCost>240</FaithCost>
			<RequiresFaithPurchaseEnabled>true</RequiresFaithPurchaseEnabled>
			<Moves>2</Moves>
			<CombatClass>UNITCOMBAT_MELEE</CombatClass>
			<Domain>DOMAIN_LAND</Domain>
			<DefaultUnitAI>UNITAI_ATTACK</DefaultUnitAI>
			<Description>TXT_KEY_UNIT_KHAS</Description>
			<Civilopedia>TXT_KEY_CIV5_UNIT_KHAS_TEXT</Civilopedia>
			<Strategy>TXT_KEY_UNIT_KHAS_STRATEGY</Strategy>
			<Help>TXT_KEY_UNIT_HELP_KHAS</Help>
			<MilitarySupport>true</MilitarySupport>
			<MilitaryProduction>true</MilitaryProduction>
			<Pillage>true</Pillage>
			<ObsoleteTech>TECH_GUNPOWDER</ObsoleteTech>
			<AdvancedStartCost>25</AdvancedStartCost>
			<XPValueAttack>3</XPValueAttack>
			<XPValueDefense>3</XPValueDefense>
			<Conscription>3</Conscription>
			<UnitArtInfo>ART_DEF_UNIT_U_IROQUOIAN_MOHAWKWARRIOR</UnitArtInfo>
			<UnitFlagIconOffset>16</UnitFlagIconOffset>
			<IconAtlas>UNIT_ATLAS_1</IconAtlas>
			<PortraitIndex>16</PortraitIndex>
		</Row>
	</Units>
	<Unit_AITypes>
		<Row>
			<UnitType>UNIT_KHAS</UnitType>
			<UnitAIType>UNITAI_ATTACK</UnitAIType>
		</Row>
		<Row>
			<UnitType>UNIT_KHAS</UnitType>
			<UnitAIType>UNITAI_DEFENSE</UnitAIType>
		</Row>
	</Unit_AITypes>

	<Unit_Flavors>
		<Row>
			<UnitType>UNIT_KHAS</UnitType>
			<FlavorType>FLAVOR_OFFENSE</FlavorType>
			<Flavor>9</Flavor>
		</Row>
		<Row>
			<UnitType>UNIT_KHAS</UnitType>
			<FlavorType>FLAVOR_DEFENSE</FlavorType>
			<Flavor>7</Flavor>
		</Row>
	</Unit_Flavors>
	<Unit_ResourceQuantityRequirements>
		<Row>
			<UnitType>UNIT_KHAS</UnitType>
			<ResourceType>RESOURCE_IRON</ResourceType>
		</Row>
	</Unit_ResourceQuantityRequirements>
	
	<!-- SELLSWORDS -->
	
	<Units>
		<Row>
			<Class>UNITCLASS_SWORDSMAN</Class>
			<Type>UNIT_SELLSWORDS</Type>
			<PrereqTech>TECH_IRON_WORKING</PrereqTech>
			<Combat>17</Combat>
			<Cost>65</Cost>
			<FaithCost>150</FaithCost>
			<RequiresFaithPurchaseEnabled>true</RequiresFaithPurchaseEnabled>
			<Moves>2</Moves>
			<HurryCostModifier>20</HurryCostModifier>
			<CombatClass>UNITCOMBAT_MELEE</CombatClass>
			<Domain>DOMAIN_LAND</Domain>
			<DefaultUnitAI>UNITAI_ATTACK</DefaultUnitAI>
			<Description>TXT_KEY_UNIT_SELLSWORDS</Description>
			<Civilopedia>TXT_KEY_CIV5_SELLSWORDS_TEXT</Civilopedia>
			<Strategy>TXT_KEY_UNIT_SELLSWORDS_STRATEGY</Strategy>
			<Help>TXT_KEY_UNIT_HELP_SELLSWORDS</Help>
			<MilitarySupport>true</MilitarySupport>
			<MilitaryProduction>true</MilitaryProduction>
			<Pillage>true</Pillage>
			<ObsoleteTech>TECH_STEEL</ObsoleteTech>
			<GoodyHutUpgradeUnitClass>UNITCLASS_LONGSWORDSMAN</GoodyHutUpgradeUnitClass>
			<AdvancedStartCost>20</AdvancedStartCost>
			<XPValueAttack>3</XPValueAttack>
			<XPValueDefense>3</XPValueDefense>
			<Conscription>1</Conscription>
			<UnitArtInfo>ART_DEF_UNIT_SWORDSMAN</UnitArtInfo>
			<UnitFlagAtlas>EXPANSION_CIV_ALPHA_ATLAS</UnitFlagAtlas>
			<UnitFlagIconOffset>7</UnitFlagIconOffset>
			<IconAtlas>ADRAGON_UNIT_ATLAS</IconAtlas>
			<PortraitIndex>28</PortraitIndex>
			<MoveRate>HEAVY_BIPED</MoveRate>
		</Row>
	</Units>
	<Unit_AITypes>
		<Row>
			<UnitType>UNIT_SELLSWORDS</UnitType>
			<UnitAIType>UNITAI_ATTACK</UnitAIType>
		</Row>
		<Row>
			<UnitType>UNIT_SELLSWORDS</UnitType>
			<UnitAIType>UNITAI_DEFENSE</UnitAIType>
		</Row>
	</Unit_AITypes>
	<Unit_ClassUpgrades>
		<Row>
			<UnitType>UNIT_SELLSWORDS</UnitType>
			<UnitClassType>UNITCLASS_LONGSWORDSMAN</UnitClassType>
		</Row>
	</Unit_ClassUpgrades>
	<Unit_Flavors>
		<Row>
			<UnitType>UNIT_SELLSWORDS</UnitType>
			<FlavorType>FLAVOR_OFFENSE</FlavorType>
			<Flavor>6</Flavor>
		</Row>
		<Row>
			<UnitType>UNIT_SELLSWORDS</UnitType>
			<FlavorType>FLAVOR_DEFENSE</FlavorType>
			<Flavor>6</Flavor>
		</Row>
	</Unit_Flavors>
	<Unit_ResourceQuantityRequirements>
		<Row>
			<UnitType>UNIT_SELLSWORDS</UnitType>
			<ResourceType>RESOURCE_IRON</ResourceType>
		</Row>
	</Unit_ResourceQuantityRequirements>
	
	<!-- RAINBOW GUARD -->
	<Units>
		<Row>
			<Class>UNITCLASS_LONGSWORDSMAN</Class>
			<Type>UNIT_RAINBOW</Type>
			<PrereqTech>TECH_STEEL</PrereqTech>
			<Combat>24</Combat>
			<Cost>120</Cost>
			<FaithCost>240</FaithCost>
			<RequiresFaithPurchaseEnabled>true</RequiresFaithPurchaseEnabled>
			<Moves>2</Moves>
			<CombatClass>UNITCOMBAT_MELEE</CombatClass>
			<Domain>DOMAIN_LAND</Domain>
			<DefaultUnitAI>UNITAI_ATTACK</DefaultUnitAI>
			<Description>TXT_KEY_UNIT_RAINBOW</Description>
			<Civilopedia>TXT_KEY_CIV5_UNIT_RAINBOW_TEXT</Civilopedia>
			<Strategy>TXT_KEY_UNIT_RAINBOW_STRATEGY</Strategy>
			<Help>TXT_KEY_UNIT_HELP_RAINBOW</Help>
			<MilitarySupport>true</MilitarySupport>
			<MilitaryProduction>true</MilitaryProduction>
			<Pillage>true</Pillage>
			<ObsoleteTech>TECH_GUNPOWDER</ObsoleteTech>
			<AdvancedStartCost>25</AdvancedStartCost>
			<XPValueAttack>3</XPValueAttack>
			<XPValueDefense>3</XPValueDefense>
			<Conscription>3</Conscription>
			<UnitArtInfo>ART_DEF_UNIT_LONGSWORDSMAN</UnitArtInfo>
			<UnitFlagAtlas>AKOREA_UNIT_FLAG_ATLAS</UnitFlagAtlas>
			<UnitFlagIconOffset>2</UnitFlagIconOffset>
			<IconAtlas>ADRAGON_UNIT_ATLAS</IconAtlas>
			<PortraitIndex>25</PortraitIndex>
		</Row>
	</Units>
	<Unit_AITypes>
		<Row>
			<UnitType>UNIT_RAINBOW</UnitType>
			<UnitAIType>UNITAI_ATTACK</UnitAIType>
		</Row>
		<Row>
			<UnitType>UNIT_RAINBOW</UnitType>
			<UnitAIType>UNITAI_DEFENSE</UnitAIType>
		</Row>
	</Unit_AITypes>
	<Unit_Flavors>
		<Row>
			<UnitType>UNIT_RAINBOW</UnitType>
			<FlavorType>FLAVOR_OFFENSE</FlavorType>
			<Flavor>9</Flavor>
		</Row>
		<Row>
			<UnitType>UNIT_RAINBOW</UnitType>
			<FlavorType>FLAVOR_DEFENSE</FlavorType>
			<Flavor>7</Flavor>
		</Row>
	</Unit_Flavors>
	<Unit_ResourceQuantityRequirements>
		<Row>
			<UnitType>UNIT_RAINBOW</UnitType>
			<ResourceType>RESOURCE_IRON</ResourceType>
		</Row>
	</Unit_ResourceQuantityRequirements>

	<!-- IRONBORN -->
	<Units>
		<Row>
			<Class>UNITCLASS_CARAVEL</Class>
			<Type>UNIT_IRONBORN</Type>
			<PrereqTech>TECH_ASTRONOMY</PrereqTech>
			<Combat>23</Combat>
			<Cost>110</Cost>
			<Moves>4</Moves>
			<HurryCostModifier>30</HurryCostModifier>
			<CombatClass>UNITCOMBAT_NAVALMELEE</CombatClass>
			<Domain>DOMAIN_SEA</Domain>
			<DefaultUnitAI>UNITAI_EXPLORE_SEA</DefaultUnitAI>
			<Description>TXT_KEY_UNIT_IRONBORN</Description>
			<Civilopedia>TXT_KEY_CIV5_IRONBORN_TEXT</Civilopedia>
			<Strategy>TXT_KEY_UNIT_IRONBORN_STRATEGY</Strategy>
			<Help>TXT_KEY_UNIT_HELP_IRONBORN</Help>
			<MilitarySupport>true</MilitarySupport>
			<MilitaryProduction>true</MilitaryProduction>
			<Pillage>true</Pillage>
			<Mechanized>true</Mechanized>
			<ObsoleteTech>TECH_STEAM_POWER</ObsoleteTech>
			<AdvancedStartCost>50</AdvancedStartCost>
			<MinAreaSize>10</MinAreaSize>
			<XPValueAttack>3</XPValueAttack>
			<XPValueDefense>3</XPValueDefense>
			<UnitArtInfo>ART_DEF_UNIT_FLEET</UnitArtInfo>
			<UnitFlagAtlas>EXPANSION_UNIT_FLAG_ATLAS</UnitFlagAtlas>
			<UnitFlagIconOffset>11</UnitFlagIconOffset>
			<IconAtlas>ADRAGON_UNIT_ATLAS</IconAtlas>
			<PortraitIndex>14</PortraitIndex>
			<MoveRate>BOAT</MoveRate>
		</Row>
	</Units>
	<Unit_AITypes>
		<Row>
			<UnitType>UNIT_IRONBORN</UnitType>
			<UnitAIType>UNITAI_ATTACK_SEA</UnitAIType>
		</Row>
		<Row>
			<UnitType>UNIT_IRONBORN</UnitType>
			<UnitAIType>UNITAI_RESERVE_SEA</UnitAIType>
		</Row>
		<Row>
			<UnitType>UNIT_IRONBORN</UnitType>
			<UnitAIType>UNITAI_ESCORT_SEA</UnitAIType>
		</Row>
		<Row>
			<UnitType>UNIT_IRONBORN</UnitType>
			<UnitAIType>UNITAI_EXPLORE_SEA</UnitAIType>
		</Row>
	</Unit_AITypes>

	<Unit_Flavors>
		<Row>
			<UnitType>UNIT_IRONBORN</UnitType>
			<FlavorType>FLAVOR_OFFENSE</FlavorType>
			<Flavor>1</Flavor>
		</Row>
		<Row>
			<UnitType>UNIT_IRONBORN</UnitType>
			<FlavorType>FLAVOR_DEFENSE</FlavorType>
			<Flavor>1</Flavor>
		</Row>
		<Row>
			<UnitType>UNIT_IRONBORN</UnitType>
			<FlavorType>FLAVOR_NAVAL</FlavorType>
			<Flavor>4</Flavor>
		</Row>
		<Row>
			<UnitType>UNIT_IRONBORN</UnitType>
			<FlavorType>FLAVOR_NAVAL_RECON</FlavorType>
			<Flavor>8</Flavor>
		</Row>
	</Unit_Flavors>
	<Unit_FreePromotions>
		<Row>
			<UnitType>UNIT_IRONBORN</UnitType>
			<PromotionType>PROMOTION_EXTRA_SIGHT_I</PromotionType>
		</Row>
		<Row>
			<UnitType>UNIT_IRONBORN</UnitType>
			<PromotionType>PROMOTION_WITHDRAW_BEFORE_MELEE</PromotionType>
		</Row>
	</Unit_FreePromotions>
	
	<!-- LYSENE PIRATES -->
	
	<Units>
		<Row>
			<Class>UNITCLASS_TRIREME</Class>
			<Type>UNIT_LPIRATE</Type>
			<PrereqTech>TECH_SAILING</PrereqTech>
			<Combat>13</Combat>
			<Cost>45</Cost>
			<Moves>5</Moves>
			<CombatClass>UNITCOMBAT_NAVALMELEE</CombatClass>
			<Domain>DOMAIN_SEA</Domain>
			<DefaultUnitAI>UNITAI_ATTACK_SEA</DefaultUnitAI>
			<Description>TXT_KEY_UNIT_LPIRATE</Description>
			<Civilopedia>TXT_KEY_CIV5_LPIRATE_TEXT</Civilopedia>
			<Strategy>TXT_KEY_UNIT_LPIRATE_STRATEGY</Strategy>
			<Help>TXT_KEY_UNIT_HELP_LPIRATE</Help>
			<MilitarySupport>true</MilitarySupport>
			<MilitaryProduction>true</MilitaryProduction>
			<Pillage>true</Pillage>
			<Mechanized>true</Mechanized>
			<ObsoleteTech>TECH_ASTRONOMY</ObsoleteTech>
			<AdvancedStartCost>30</AdvancedStartCost>
			<MinAreaSize>10</MinAreaSize>
			<XPValueAttack>3</XPValueAttack>
			<XPValueDefense>3</XPValueDefense>
			<UnitArtInfo>ART_DEF_UNIT_BARBARIAN_GALLEY</UnitArtInfo>
			<UnitFlagIconOffset>23</UnitFlagIconOffset>
			<IconAtlas>UNIT_ATLAS_1</IconAtlas>
			<PortraitIndex>23</PortraitIndex>
			<!--<UnitArtInfo>ART_DEF_UNIT_TRIREME</UnitArtInfo>
			<UnitFlagIconOffset>24</UnitFlagIconOffset>
			<IconAtlas>UNIT_ATLAS_1</IconAtlas>
			<PortraitIndex>24</PortraitIndex>-->
			<MoveRate>WOODEN_BOAT</MoveRate>
		</Row>
	</Units>
	<Unit_AITypes>
		<Row>
			<UnitType>UNIT_LPIRATE</UnitType>
			<UnitAIType>UNITAI_ATTACK_SEA</UnitAIType>
		</Row>
		<Row>
			<UnitType>UNIT_LPIRATE</UnitType>
			<UnitAIType>UNITAI_RESERVE_SEA</UnitAIType>
		</Row>
		<Row>
			<UnitType>UNIT_LPIRATE</UnitType>
			<UnitAIType>UNITAI_ESCORT_SEA</UnitAIType>
		</Row>
		<Row>
			<UnitType>UNIT_LPIRATE</UnitType>
			<UnitAIType>UNITAI_EXPLORE_SEA</UnitAIType>
		</Row>
	</Unit_AITypes>
	<Unit_ClassUpgrades>
		<Row>
			<UnitType>UNIT_LPIRATE</UnitType>
			<UnitClassType>UNITCLASS_CARAVEL</UnitClassType>
		</Row>
	</Unit_ClassUpgrades>
	<Unit_Flavors>
		<Row>
			<UnitType>UNIT_LPIRATE</UnitType>
			<FlavorType>FLAVOR_NAVAL</FlavorType>
			<Flavor>6</Flavor>
		</Row>
		<Row>
			<UnitType>UNIT_LPIRATE</UnitType>
			<FlavorType>FLAVOR_NAVAL_RECON</FlavorType>
			<Flavor>2</Flavor>
		</Row>
	</Unit_Flavors>
	<Unit_FreePromotions>
		<Row>
			<UnitType>UNIT_LPIRATE</UnitType>
			<PromotionType>PROMOTION_OCEAN_IMPASSABLE</PromotionType>
		</Row>
	</Unit_FreePromotions>
	
	<!-- THE UNSULLIED -->
	<Units>
		<Row>
			<Class>UNITCLASS_SPEARMAN</Class>
			<Type>UNIT_UNSULLIED</Type>
			<PrereqTech>TECH_BRONZE_WORKING</PrereqTech>
			<Combat>12</Combat>
			<Cost>56</Cost>
			<FaithCost>112</FaithCost>
			<RequiresFaithPurchaseEnabled>true</RequiresFaithPurchaseEnabled>
			<Moves>2</Moves>
			<CombatClass>UNITCOMBAT_MELEE</CombatClass>
			<Domain>DOMAIN_LAND</Domain>
			<DefaultUnitAI>UNITAI_COUNTER</DefaultUnitAI>
			<Description>TXT_KEY_UNIT_UNSULLIED</Description>
			<Civilopedia>TXT_KEY_CIV5_UNSULLIED_TEXT</Civilopedia>
			<Strategy>TXT_KEY_UNIT_UNSULLIED_STRATEGY</Strategy>
			<Help>TXT_KEY_UNIT_HELP_UNSULLIED</Help>
			<MilitarySupport>true</MilitarySupport>
			<MilitaryProduction>true</MilitaryProduction>
			<Pillage>true</Pillage>
			<ObsoleteTech>TECH_CIVIL_SERVICE</ObsoleteTech>
			<GoodyHutUpgradeUnitClass>UNITCLASS_PIKEMAN</GoodyHutUpgradeUnitClass>
			<AdvancedStartCost>15</AdvancedStartCost>
			<XPValueAttack>3</XPValueAttack>
			<XPValueDefense>3</XPValueDefense>
			<Conscription>2</Conscription>
			<UnitArtInfo>ART_DEF_UNIT_U_PERSIAN_IMMORTAL</UnitArtInfo>
			<UnitFlagIconOffset>11</UnitFlagIconOffset>
			<IconAtlas>UNIT_ATLAS_1</IconAtlas>
			<PortraitIndex>11</PortraitIndex>
		</Row>
	</Units>
	<Unit_FreePromotions>
		<Row>
			<UnitType>UNIT_UNSULLIED</UnitType>
			<PromotionType>PROMOTION_ANTI_MOUNTED_I</PromotionType>
		</Row>
		<Row>
			<UnitType>UNIT_UNSULLIED</UnitType>
			<PromotionType>PROMOTION_FOREIGN_LANDS</PromotionType>
		</Row>
	</Unit_FreePromotions>
	<Unit_AITypes>
		<Row>
			<UnitType>UNIT_UNSULLIED</UnitType>
			<UnitAIType>UNITAI_ATTACK</UnitAIType>
		</Row>
		<Row>
			<UnitType>UNIT_UNSULLIED</UnitType>
			<UnitAIType>UNITAI_COUNTER</UnitAIType>
		</Row>
		<Row>
			<UnitType>UNIT_UNSULLIED</UnitType>
			<UnitAIType>UNITAI_DEFENSE</UnitAIType>
		</Row>
		<Row>
			<UnitType>UNIT_UNSULLIED</UnitType>
			<UnitAIType>UNITAI_EXPLORE</UnitAIType>
		</Row>
	</Unit_AITypes>
	<Unit_ClassUpgrades>
		<Row>
			<UnitType>UNIT_UNSULLIED</UnitType>
			<UnitClassType>UNITCLASS_PIKEMAN</UnitClassType>
		</Row>
	</Unit_ClassUpgrades>
	<Unit_Flavors>
		<Row>
			<UnitType>UNIT_UNSULLIED</UnitType>
			<FlavorType>FLAVOR_OFFENSE</FlavorType>
			<Flavor>4</Flavor>
		</Row>
		<Row>
			<UnitType>UNIT_UNSULLIED</UnitType>
			<FlavorType>FLAVOR_DEFENSE</FlavorType>
			<Flavor>8</Flavor>
		</Row>
	</Unit_Flavors>

	<!-- ELDER DRAGON -->
	
	<Units>
		<Row>
			<Class>UNITCLASS_SS_BOOSTER</Class>
			<Type>UNIT_DRAGON</Type>
			<PrereqTech>TECH_ASTRONOMY</PrereqTech>
			<Combat>30</Combat>
			<Cost>160</Cost>
			<FaithCost>280</FaithCost>
			<RequiresFaithPurchaseEnabled>true</RequiresFaithPurchaseEnabled>
			<Moves>4</Moves>
			<CombatClass>UNITCOMBAT_MOUNTED</CombatClass>
			<Domain>DOMAIN_LAND</Domain>
			<DefaultUnitAI>UNITAI_FAST_ATTACK</DefaultUnitAI>
			<Description>TXT_KEY_UNIT_EDRAGON</Description>
			<Civilopedia>TXT_KEY_CIV5_DRAGON_TEXT</Civilopedia>
			<Strategy>TXT_KEY_UNIT_DRAGON_STRATEGY</Strategy>
			<Help>TXT_KEY_UNIT_HELP_DRAGON</Help>
			<MilitarySupport>true</MilitarySupport>
			<MilitaryProduction>true</MilitaryProduction>
			<Pillage>true</Pillage>
			<ObsoleteTech>TECH_ASTRONOMY</ObsoleteTech>
			<AdvancedStartCost>25</AdvancedStartCost>
			<XPValueAttack>3</XPValueAttack>
			<XPValueDefense>3</XPValueDefense>
			<Conscription>4</Conscription>
			<UnitArtInfo>ART_DEF_UNIT_COLOSSAL_DRAGON</UnitArtInfo>
			<UnitFlagAtlas>EDRAGON_UNIT_FLAG_ATLAS</UnitFlagAtlas>
			<UnitFlagIconOffset>0</UnitFlagIconOffset>
			<IconAtlas>ADRAGON_UNIT_ATLAS</IconAtlas>
			<PortraitIndex>3</PortraitIndex>
			<MoveRate>QUADRUPED</MoveRate>
		</Row>
	</Units>
	<Unit_FreePromotions>
		<Row>
			<UnitType>UNIT_DRAGON</UnitType>
			<PromotionType>PROMOTION_FLAT_MOVEMENT_COST</PromotionType>
		</Row>
		<Row>
			<UnitType>UNIT_DRAGON</UnitType>
			<PromotionType>PROMOTION_HOVERING_UNIT</PromotionType>
		</Row>
		<Row>
			<UnitType>UNIT_DRAGON</UnitType>
			<PromotionType>PROMOTION_NO_DEFENSIVE_BONUSES</PromotionType>
		</Row>
		<Row>
			<UnitType>UNIT_DRAGON</UnitType>
			<PromotionType>PROMOTION_CAN_MOVE_AFTER_ATTACKING</PromotionType>
		</Row>
		<Row>
			<UnitType>UNIT_DRAGON</UnitType>
			<PromotionType>PROMOTION_NO_CAPTURE</PromotionType>
		</Row>
		<Row>
			<UnitType>UNIT_DRAGON</UnitType>
			<PromotionType>PROMOTION_CITY_SIEGE</PromotionType>
		</Row>
	</Unit_FreePromotions>
	<Unit_AITypes>
		<Row>
			<UnitType>UNIT_DRAGON</UnitType>
			<UnitAIType>UNITAI_DEFENSE</UnitAIType>
		</Row>
		<Row>
			<UnitType>UNIT_DRAGON</UnitType>
			<UnitAIType>UNITAI_FAST_ATTACK</UnitAIType>
		</Row>
	</Unit_AITypes>
	<Unit_Flavors>
		<Row>
			<UnitType>UNIT_DRAGON</UnitType>
			<FlavorType>FLAVOR_OFFENSE</FlavorType>
			<Flavor>9</Flavor>
		</Row>
		<Row>
			<UnitType>UNIT_DRAGON</UnitType>
			<FlavorType>FLAVOR_DEFENSE</FlavorType>
			<Flavor>3</Flavor>
		</Row>
		<Row>
			<UnitType>UNIT_DRAGON</UnitType>
			<FlavorType>FLAVOR_MOBILE</FlavorType>
			<Flavor>5</Flavor>
		</Row>
	</Unit_Flavors>

	<!-- MATURE DRAGON -->
	
	<Units>
		<Row>
			<Class>UNITCLASS_SS_ENGINE</Class>
			<Type>UNIT_MDRAGON</Type>
			<PrereqTech>TECH_THEOLOGY</PrereqTech>
			<Combat>24</Combat>
			<Cost>120</Cost>
			<FaithCost>240</FaithCost>
			<RequiresFaithPurchaseEnabled>true</RequiresFaithPurchaseEnabled>
			<Moves>3</Moves>
			<CombatClass>UNITCOMBAT_MOUNTED</CombatClass>
			<Domain>DOMAIN_LAND</Domain>
			<DefaultUnitAI>UNITAI_FAST_ATTACK</DefaultUnitAI>
			<Description>TXT_KEY_UNIT_MDRAGON</Description>
			<Civilopedia>TXT_KEY_CIV5_DRAGON_TEXT</Civilopedia>
			<Strategy>TXT_KEY_UNIT_DRAGON_STRATEGY</Strategy>
			<Help>TXT_KEY_UNIT_HELP_DRAGON</Help>
			<MilitarySupport>true</MilitarySupport>
			<MilitaryProduction>true</MilitaryProduction>
			<Pillage>true</Pillage>
			<ObsoleteTech>TECH_THEOLOGY</ObsoleteTech>
			<AdvancedStartCost>25</AdvancedStartCost>
			<XPValueAttack>3</XPValueAttack>
			<XPValueDefense>3</XPValueDefense>
			<Conscription>3</Conscription>
			<UnitArtInfo>ART_DEF_UNIT_COLOSSAL_MDRAGON</UnitArtInfo>
			<UnitFlagAtlas>MDRAGON_UNIT_FLAG_ATLAS</UnitFlagAtlas>
			<UnitFlagIconOffset>0</UnitFlagIconOffset>
			<IconAtlas>ADRAGON_UNIT_ATLAS</IconAtlas>
			<PortraitIndex>2</PortraitIndex>
			<MoveRate>QUADRUPED</MoveRate>
		</Row>
	</Units>
	<Unit_ClassUpgrades>
		<Row>
			<UnitType>UNIT_MDRAGON</UnitType>
			<UnitClassType>UNITCLASS_SS_BOOSTER</UnitClassType>
		</Row>
	</Unit_ClassUpgrades>
	<Unit_FreePromotions>
		<Row>
			<UnitType>UNIT_MDRAGON</UnitType>
			<PromotionType>PROMOTION_FLAT_MOVEMENT_COST</PromotionType>
		</Row>
		<Row>
			<UnitType>UNIT_MDRAGON</UnitType>
			<PromotionType>PROMOTION_HOVERING_UNIT</PromotionType>
		</Row>
		<Row>
			<UnitType>UNIT_MDRAGON</UnitType>
			<PromotionType>PROMOTION_NO_DEFENSIVE_BONUSES</PromotionType>
		</Row>
		<Row>
			<UnitType>UNIT_MDRAGON</UnitType>
			<PromotionType>PROMOTION_CAN_MOVE_AFTER_ATTACKING</PromotionType>
		</Row>
		<Row>
			<UnitType>UNIT_MDRAGON</UnitType>
			<PromotionType>PROMOTION_NO_CAPTURE</PromotionType>
		</Row>
		<Row>
			<UnitType>UNIT_MDRAGON</UnitType>
			<PromotionType>PROMOTION_CITY_SIEGE</PromotionType>
		</Row>
	</Unit_FreePromotions>
	<Unit_AITypes>
		<Row>
			<UnitType>UNIT_MDRAGON</UnitType>
			<UnitAIType>UNITAI_DEFENSE</UnitAIType>
		</Row>
		<Row>
			<UnitType>UNIT_MDRAGON</UnitType>
			<UnitAIType>UNITAI_FAST_ATTACK</UnitAIType>
		</Row>
	</Unit_AITypes>
	<Unit_Flavors>
		<Row>
			<UnitType>UNIT_MDRAGON</UnitType>
			<FlavorType>FLAVOR_OFFENSE</FlavorType>
			<Flavor>9</Flavor>
		</Row>
		<Row>
			<UnitType>UNIT_MDRAGON</UnitType>
			<FlavorType>FLAVOR_DEFENSE</FlavorType>
			<Flavor>3</Flavor>
		</Row>
		<Row>
			<UnitType>UNIT_MDRAGON</UnitType>
			<FlavorType>FLAVOR_MOBILE</FlavorType>
			<Flavor>5</Flavor>
		</Row>
	</Unit_Flavors>

	<!-- YOUNG DRAGON -->
	
	<Units>
		<Row>
			<Class>UNITCLASS_SS_STASIS_CHAMBER</Class>
			<Type>UNIT_YDRAGON</Type>
			<PrereqTech>TECH_HORSEBACK_RIDING</PrereqTech>
			<Combat>16</Combat>
			<Cost>75</Cost>
			<FaithCost>150</FaithCost>
			<RequiresFaithPurchaseEnabled>true</RequiresFaithPurchaseEnabled>
			<Moves>2</Moves>
			<HurryCostModifier>20</HurryCostModifier>
			<CombatClass>UNITCOMBAT_MOUNTED</CombatClass>
			<Domain>DOMAIN_LAND</Domain>
			<DefaultUnitAI>UNITAI_FAST_ATTACK</DefaultUnitAI>
			<Description>TXT_KEY_UNIT_YDRAGON</Description>
			<Civilopedia>TXT_KEY_CIV5_DRAGON_TEXT</Civilopedia>
			<Strategy>TXT_KEY_UNIT_DRAGON_STRATEGY</Strategy>
			<Help>TXT_KEY_UNIT_HELP_DRAGON</Help>
			<MilitarySupport>true</MilitarySupport>
			<MilitaryProduction>true</MilitaryProduction>
			<Pillage>true</Pillage>
			<ObsoleteTech>TECH_HORSEBACK_RIDING</ObsoleteTech>
			<AdvancedStartCost>20</AdvancedStartCost>
			<XPValueAttack>3</XPValueAttack>
			<XPValueDefense>3</XPValueDefense>
			<Conscription>1</Conscription>
			<UnitArtInfo>ART_DEF_UNIT_COLOSSAL_YDRAGON</UnitArtInfo>
			<UnitFlagAtlas>YDRAGON_UNIT_FLAG_ATLAS</UnitFlagAtlas>
			<UnitFlagIconOffset>0</UnitFlagIconOffset>
			<IconAtlas>ADRAGON_UNIT_ATLAS</IconAtlas>
			<PortraitIndex>1</PortraitIndex>
			<MoveRate>QUADRUPED</MoveRate>
		</Row>
	</Units>
	<Unit_ClassUpgrades>
		<Row>
			<UnitType>UNIT_YDRAGON</UnitType>
			<UnitClassType>UNITCLASS_SS_ENGINE</UnitClassType>
		</Row>
	</Unit_ClassUpgrades>
	<Unit_ClassUpgrades>
		<Row>
			<UnitType>UNIT_YDRAGON</UnitType>
			<UnitClassType>UNITCLASS_SS_BOOSTER</UnitClassType>
		</Row>
	</Unit_ClassUpgrades>
	<Unit_FreePromotions>
		<Row>
			<UnitType>UNIT_YDRAGON</UnitType>
			<PromotionType>PROMOTION_FLAT_MOVEMENT_COST</PromotionType>
		</Row>
		<Row>
			<UnitType>UNIT_YDRAGON</UnitType>
			<PromotionType>PROMOTION_HOVERING_UNIT</PromotionType>
		</Row>
		<Row>
			<UnitType>UNIT_YDRAGON</UnitType>
			<PromotionType>PROMOTION_NO_DEFENSIVE_BONUSES</PromotionType>
		</Row>
		<Row>
			<UnitType>UNIT_YDRAGON</UnitType>
			<PromotionType>PROMOTION_CAN_MOVE_AFTER_ATTACKING</PromotionType>
		</Row>
		<Row>
			<UnitType>UNIT_YDRAGON</UnitType>
			<PromotionType>PROMOTION_NO_CAPTURE</PromotionType>
		</Row>
		<Row>
			<UnitType>UNIT_YDRAGON</UnitType>
			<PromotionType>PROMOTION_CITY_SIEGE</PromotionType>
		</Row>
	</Unit_FreePromotions>
	<Unit_AITypes>
		<Row>
			<UnitType>UNIT_YDRAGON</UnitType>
			<UnitAIType>UNITAI_DEFENSE</UnitAIType>
		</Row>
		<Row>
			<UnitType>UNIT_YDRAGON</UnitType>
			<UnitAIType>UNITAI_FAST_ATTACK</UnitAIType>
		</Row>
	</Unit_AITypes>
	<Unit_Flavors>
		<Row>
			<UnitType>UNIT_YDRAGON</UnitType>
			<FlavorType>FLAVOR_OFFENSE</FlavorType>
			<Flavor>9</Flavor>
		</Row>
		<Row>
			<UnitType>UNIT_YDRAGON</UnitType>
			<FlavorType>FLAVOR_DEFENSE</FlavorType>
			<Flavor>3</Flavor>
		</Row>
		<Row>
			<UnitType>UNIT_YDRAGON</UnitType>
			<FlavorType>FLAVOR_MOBILE</FlavorType>
			<Flavor>5</Flavor>
		</Row>
	</Unit_Flavors>

	<!-- FLEDGLING DRAGON -->
	
	<Units>
		<Row>
			<Class>UNITCLASS_SS_COCKPIT</Class>
			<Type>UNIT_FDRAGON</Type>
			<PrereqTech>TECH_SATELLITES</PrereqTech>
			<Combat>4</Combat>
			<Cost>40</Cost>
			<FaithCost>80</FaithCost>
			<RequiresFaithPurchaseEnabled>true</RequiresFaithPurchaseEnabled>
			<Moves>1</Moves>
			<CombatClass>UNITCOMBAT_MOUNTED</CombatClass>
			<Domain>DOMAIN_LAND</Domain>
			<DefaultUnitAI>UNITAI_FAST_ATTACK</DefaultUnitAI>
			<Description>TXT_KEY_UNIT_FDRAGON</Description>
			<Civilopedia>TXT_KEY_CIV5_DRAGON_TEXT</Civilopedia>
			<Strategy>TXT_KEY_UNIT_DRAGON_STRATEGY</Strategy>
			<Help>TXT_KEY_UNIT_HELP_DRAGON</Help>
			<MilitarySupport>true</MilitarySupport>
			<MilitaryProduction>true</MilitaryProduction>
			<Pillage>true</Pillage>
			<ObsoleteTech>TECH_SATELLITES</ObsoleteTech>
			<AdvancedStartCost>10</AdvancedStartCost>
			<XPValueAttack>3</XPValueAttack>
			<XPValueDefense>3</XPValueDefense>
			<Conscription>1</Conscription>
			<UnitArtInfo>ART_DEF_UNIT_COLOSSAL_FDRAGON</UnitArtInfo>
			<UnitFlagAtlas>DRAGON_UNIT_FLAG_ATLAS</UnitFlagAtlas>
			<UnitFlagIconOffset>0</UnitFlagIconOffset>
			<IconAtlas>ADRAGON_UNIT_ATLAS</IconAtlas>
			<PortraitIndex>0</PortraitIndex>
			<MoveRate>QUADRUPED</MoveRate>
		</Row>
	</Units>
	<Unit_ClassUpgrades>
		<Row>
			<UnitType>UNIT_FDRAGON</UnitType>
			<UnitClassType>UNITCLASS_SS_STASIS_CHAMBER</UnitClassType>
		</Row>
	</Unit_ClassUpgrades>
	<Unit_ClassUpgrades>
		<Row>
			<UnitType>UNIT_FDRAGON</UnitType>
			<UnitClassType>UNITCLASS_SS_BOOSTER</UnitClassType>
		</Row>
	</Unit_ClassUpgrades>
	<Unit_FreePromotions>
		<Row>
			<UnitType>UNIT_FDRAGON</UnitType>
			<PromotionType>PROMOTION_FLAT_MOVEMENT_COST</PromotionType>
		</Row>
		<Row>
			<UnitType>UNIT_FDRAGON</UnitType>
			<PromotionType>PROMOTION_HOVERING_UNIT</PromotionType>
		</Row>
		<Row>
			<UnitType>UNIT_FDRAGON</UnitType>
			<PromotionType>PROMOTION_NO_DEFENSIVE_BONUSES</PromotionType>
		</Row>
		<Row>
			<UnitType>UNIT_FDRAGON</UnitType>
			<PromotionType>PROMOTION_CAN_MOVE_AFTER_ATTACKING</PromotionType>
		</Row>
		<Row>
			<UnitType>UNIT_FDRAGON</UnitType>
			<PromotionType>PROMOTION_NO_CAPTURE</PromotionType>
		</Row>
		<Row>
			<UnitType>UNIT_FDRAGON</UnitType>
			<PromotionType>PROMOTION_CITY_SIEGE</PromotionType>
		</Row>
	</Unit_FreePromotions>
	<Unit_AITypes>
		<Row>
			<UnitType>UNIT_FDRAGON</UnitType>
			<UnitAIType>UNITAI_DEFENSE</UnitAIType>
		</Row>
		<Row>
			<UnitType>UNIT_FDRAGON</UnitType>
			<UnitAIType>UNITAI_FAST_ATTACK</UnitAIType>
		</Row>
	</Unit_AITypes>
	<Unit_Flavors>
		<Row>
			<UnitType>UNIT_FDRAGON</UnitType>
			<FlavorType>FLAVOR_OFFENSE</FlavorType>
			<Flavor>9</Flavor>
		</Row>
		<Row>
			<UnitType>UNIT_FDRAGON</UnitType>
			<FlavorType>FLAVOR_DEFENSE</FlavorType>
			<Flavor>3</Flavor>
		</Row>
		<Row>
			<UnitType>UNIT_FDRAGON</UnitType>
			<FlavorType>FLAVOR_MOBILE</FlavorType>
			<Flavor>5</Flavor>
		</Row>
	</Unit_Flavors>
	
	<!-- Redwyne Ship -->
	
	<Units>
		<Row>
			<Class>UNITCLASS_GALLEASS</Class>
			<Type>UNIT_REDWYNE</Type>
			<PrereqTech>TECH_COMPASS</PrereqTech>
			<Combat>18</Combat>
			<RangedCombat>19</RangedCombat>
			<Cost>100</Cost>
			<Moves>3</Moves>
			<Range>2</Range>
			<CombatClass>UNITCOMBAT_NAVALRANGED</CombatClass>
			<Domain>DOMAIN_SEA</Domain>
			<DefaultUnitAI>UNITAI_ASSAULT_SEA</DefaultUnitAI>
			<Description>TXT_KEY_UNIT_REDWYNE</Description>
			<Civilopedia>TXT_KEY_CIV5_UNIT_REDWYNE_TEXT</Civilopedia>
			<Strategy>TXT_KEY_UNIT_REDWYNE_STRATEGY</Strategy>
			<Help>TXT_KEY_UNIT_HELP_REDWYNE</Help>
			<MilitarySupport>true</MilitarySupport>
			<MilitaryProduction>true</MilitaryProduction>
			<Pillage>true</Pillage>
			<Mechanized>true</Mechanized>
			<ObsoleteTech>TECH_NAVIGATION</ObsoleteTech>
			<AdvancedStartCost>30</AdvancedStartCost>
			<MinAreaSize>10</MinAreaSize>
			<XPValueAttack>3</XPValueAttack>
			<XPValueDefense>3</XPValueDefense>
			<UnitArtInfo>ART_DEF_UNIT_LONGBOW_SHIP</UnitArtInfo>
			<UnitFlagAtlas>ADLC02_UNIT_FLAG_ATLAS</UnitFlagAtlas>
			<UnitFlagIconOffset>5</UnitFlagIconOffset>
			<IconAtlas>ADRAGON_UNIT_ATLAS</IconAtlas>
			<PortraitIndex>18</PortraitIndex>
			<MoveRate>WOODEN_BOAT</MoveRate>
		</Row>
	</Units>
	<Unit_AITypes>
		<Row>
			<UnitType>UNIT_REDWYNE</UnitType>
			<UnitAIType>UNITAI_ASSAULT_SEA</UnitAIType>
		</Row>
		<Row>
			<UnitType>UNIT_REDWYNE</UnitType>
			<UnitAIType>UNITAI_RESERVE_SEA</UnitAIType>
		</Row>
		<Row>
			<UnitType>UNIT_REDWYNE</UnitType>
			<UnitAIType>UNITAI_ESCORT_SEA</UnitAIType>
		</Row>
		<Row>
			<UnitType>UNIT_REDWYNE</UnitType>
			<UnitAIType>UNITAI_EXPLORE_SEA</UnitAIType>
		</Row>
	</Unit_AITypes>
	<Unit_Flavors>
		<Row>
			<UnitType>UNIT_REDWYNE</UnitType>
			<FlavorType>FLAVOR_NAVAL</FlavorType>
			<Flavor>10</Flavor>
		</Row>
		<Row>
			<UnitType>UNIT_REDWYNE</UnitType>
			<FlavorType>FLAVOR_NAVAL_RECON</FlavorType>
			<Flavor>2</Flavor>
		</Row>
	</Unit_Flavors>
	<Unit_FreePromotions>
		<Row>
			<UnitType>UNIT_REDWYNE</UnitType>
			<PromotionType>PROMOTION_ONLY_DEFENSIVE</PromotionType>
		</Row>
	</Unit_FreePromotions>
	
	<!-- DOUBLE-CURVED BOWMAN -->

	<Units>
		<Row>
			<Class>UNITCLASS_CHARIOT_ARCHER</Class>
			<Type>UNIT_DCBOWMAN</Type>
			<PrereqTech>TECH_THE_WHEEL</PrereqTech>
			<Combat>7</Combat>
			<RangedCombat>10</RangedCombat>
			<Cost>56</Cost>
			<FaithCost>112</FaithCost>
			<RequiresFaithPurchaseEnabled>true</RequiresFaithPurchaseEnabled>
			<Moves>4</Moves>
			<Range>2</Range>
			<HurryCostModifier>20</HurryCostModifier>
			<CombatClass>UNITCOMBAT_ARCHER</CombatClass>
			<Domain>DOMAIN_LAND</Domain>
			<DefaultUnitAI>UNITAI_RANGED</DefaultUnitAI>
			<Description>TXT_KEY_UNIT_DCBOWMAN</Description>
			<Civilopedia>TXT_KEY_CIV5_DCBOWMAN_TEXT</Civilopedia>
			<Strategy>TXT_KEY_UNIT_DCBOWMAN_STRATEGY</Strategy>
			<Help>TXT_KEY_UNIT_HELP_DCBOWMAN</Help>
			<MilitarySupport>true</MilitarySupport>
			<MilitaryProduction>true</MilitaryProduction>
			<Pillage>true</Pillage>
			<ObsoleteTech>TECH_CHIVALRY</ObsoleteTech>
			<GoodyHutUpgradeUnitClass>UNITCLASS_KNIGHT</GoodyHutUpgradeUnitClass>
			<AdvancedStartCost>15</AdvancedStartCost>
			<XPValueAttack>3</XPValueAttack>
			<XPValueDefense>3</XPValueDefense>
			<UnitArtInfo>ART_DEF_UNIT_U_HUNS_HORSE_ARCHER</UnitArtInfo>
			<UnitFlagAtlas>EXPANSION_UNIT_FLAG_ATLAS</UnitFlagAtlas>
			<UnitFlagIconOffset>7</UnitFlagIconOffset>
			<IconAtlas>UNIT_ATLAS_1</IconAtlas>
			<PortraitIndex>20</PortraitIndex>
			<MoveRate>QUADRUPED</MoveRate>
		</Row>
	</Units>
	<Unit_AITypes>
		<Row>
			<UnitType>UNIT_DCBOWMAN</UnitType>
			<UnitAIType>UNITAI_RANGED</UnitAIType>
		</Row>
	</Unit_AITypes>
	<Unit_ClassUpgrades>
		<Row>
			<UnitType>UNIT_DCBOWMAN</UnitType>
			<UnitClassType>UNITCLASS_KNIGHT</UnitClassType>
		</Row>
	</Unit_ClassUpgrades>
	<Unit_Flavors>
		<Row>
			<UnitType>UNIT_DCBOWMAN</UnitType>
			<FlavorType>FLAVOR_OFFENSE</FlavorType>
			<Flavor>4</Flavor>
		</Row>
		<Row>
			<UnitType>UNIT_DCBOWMAN</UnitType>
			<FlavorType>FLAVOR_RANGED</FlavorType>
			<Flavor>8</Flavor>
		</Row>
		<Row>
			<UnitType>UNIT_DCBOWMAN</UnitType>
			<FlavorType>FLAVOR_MOBILE</FlavorType>
			<Flavor>2</Flavor>
		</Row>
	</Unit_Flavors>
	<Unit_FreePromotions>
		<Row>
			<UnitType>UNIT_DCBOWMAN</UnitType>
			<PromotionType>PROMOTION_NO_DEFENSIVE_BONUSES</PromotionType>
		</Row>
		<Row>
			<UnitType>UNIT_DCBOWMAN</UnitType>
			<PromotionType>PROMOTION_ONLY_DEFENSIVE</PromotionType>
		</Row>
		<Row>
			<UnitType>UNIT_DCBOWMAN</UnitType>
			<PromotionType>PROMOTION_ACCURACY_1</PromotionType>
		</Row>
	</Unit_FreePromotions>
	
	<!-- Sand Steed -->
	<Units>
		<Row>
			<Class>UNITCLASS_HORSEMAN</Class>
			<Type>UNIT_SAND_STEED</Type>
			<PrereqTech>TECH_HORSEBACK_RIDING</PrereqTech>
			<Combat>15</Combat>
			<Cost>75</Cost>
			<FaithCost>150</FaithCost>
			<RequiresFaithPurchaseEnabled>true</RequiresFaithPurchaseEnabled>
			<Moves>5</Moves>
			<HurryCostModifier>20</HurryCostModifier>
			<CombatClass>UNITCOMBAT_MOUNTED</CombatClass>
			<Domain>DOMAIN_LAND</Domain>
			<DefaultUnitAI>UNITAI_FAST_ATTACK</DefaultUnitAI>
			<Description>TXT_KEY_UNIT_SAND_STEED</Description>
			<Civilopedia>TXT_KEY_CIV5_SAND_STEED_TEXT</Civilopedia>
			<Strategy>TXT_KEY_UNIT_SAND_STEED_STRATEGY</Strategy>
			<Help>TXT_KEY_UNIT_HELP_SAND_STEED</Help>
			<MilitarySupport>true</MilitarySupport>
			<MilitaryProduction>true</MilitaryProduction>
			<Pillage>true</Pillage>
			<ObsoleteTech>TECH_CHIVALRY</ObsoleteTech>
			<GoodyHutUpgradeUnitClass>UNITCLASS_KNIGHT</GoodyHutUpgradeUnitClass>
			<AdvancedStartCost>20</AdvancedStartCost>
			<XPValueAttack>3</XPValueAttack>
			<XPValueDefense>3</XPValueDefense>
			<UnitArtInfo>ART_DEF_UNIT_U_SONGHAI_MUSLIMCAVALRY</UnitArtInfo>
			<UnitFlagAtlas>AUNIT_FLAG_ATLAS_1</UnitFlagAtlas>
			<UnitFlagIconOffset>4</UnitFlagIconOffset>
			<IconAtlas>UNIT_ATLAS_1</IconAtlas>
			<PortraitIndex>27</PortraitIndex>
			<MoveRate>QUADRUPED</MoveRate>
		</Row>
	</Units>
	<Unit_AITypes>
		<Row>
			<UnitType>UNIT_SAND_STEED</UnitType>
			<UnitAIType>UNITAI_DEFENSE</UnitAIType>
		</Row>
		<Row>
			<UnitType>UNIT_SAND_STEED</UnitType>
			<UnitAIType>UNITAI_FAST_ATTACK</UnitAIType>
		</Row>
	</Unit_AITypes>
	<Unit_ClassUpgrades>
		<Row>
			<UnitType>UNIT_SAND_STEED</UnitType>
			<UnitClassType>UNITCLASS_KNIGHT</UnitClassType>
		</Row>
	</Unit_ClassUpgrades>
	<Unit_Flavors>
		<Row>
			<UnitType>UNIT_SAND_STEED</UnitType>
			<FlavorType>FLAVOR_OFFENSE</FlavorType>
			<Flavor>12</Flavor>
		</Row>
		<Row>
			<UnitType>UNIT_SAND_STEED</UnitType>
			<FlavorType>FLAVOR_DEFENSE</FlavorType>
			<Flavor>4</Flavor>
		</Row>
		<Row>
			<UnitType>UNIT_SAND_STEED</UnitType>
			<FlavorType>FLAVOR_MOBILE</FlavorType>
			<Flavor>8</Flavor>
		</Row>
	</Unit_Flavors>
	<Unit_FreePromotions>
		<Row>
			<UnitType>UNIT_SAND_STEED</UnitType>
			<PromotionType>PROMOTION_NO_DEFENSIVE_BONUSES</PromotionType>
		</Row>
		<Row>
			<UnitType>UNIT_SAND_STEED</UnitType>
			<PromotionType>PROMOTION_CAN_MOVE_AFTER_ATTACKING</PromotionType>
		</Row>
		<Row>
			<UnitType>UNIT_SAND_STEED</UnitType>
			<PromotionType>PROMOTION_CITY_PENALTY</PromotionType>
		</Row>
	</Unit_FreePromotions>
	<Unit_ResourceQuantityRequirements>
		<Row>
			<UnitType>UNIT_SAND_STEED</UnitType>
			<ResourceType>RESOURCE_HORSE</ResourceType>
		</Row>
	</Unit_ResourceQuantityRequirements>
	
	<!-- RIVERMEN -->
	<Units>
		<Row>
			<Class>UNITCLASS_SWORDSMAN</Class>
			<Type>UNIT_RIVERMEN</Type>
			<PrereqTech>TECH_IRON_WORKING</PrereqTech>
			<Combat>14</Combat>
			<Cost>75</Cost>
			<FaithCost>150</FaithCost>
			<RequiresFaithPurchaseEnabled>true</RequiresFaithPurchaseEnabled>
			<Moves>2</Moves>
			<HurryCostModifier>20</HurryCostModifier>
			<CombatClass>UNITCOMBAT_MELEE</CombatClass>
			<Domain>DOMAIN_LAND</Domain>
			<DefaultUnitAI>UNITAI_ATTACK</DefaultUnitAI>
			<Description>TXT_KEY_UNIT_RIVERMEN</Description>
			<Civilopedia>TXT_KEY_CIV5_RIVERMEN_TEXT</Civilopedia>
			<Strategy>TXT_KEY_UNIT_RIVERMEN_STRATEGY</Strategy>
			<Help>TXT_KEY_UNIT_HELP_RIVERMEN</Help>
			<MilitarySupport>true</MilitarySupport>
			<MilitaryProduction>true</MilitaryProduction>
			<Pillage>true</Pillage>
			<ObsoleteTech>TECH_STEEL</ObsoleteTech>
			<GoodyHutUpgradeUnitClass>UNITCLASS_LONGSWORDSMAN</GoodyHutUpgradeUnitClass>
			<AdvancedStartCost>20</AdvancedStartCost>
			<XPValueAttack>3</XPValueAttack>
			<XPValueDefense>3</XPValueDefense>
			<Conscription>1</Conscription>
			<UnitArtInfo>ART_DEF_UNIT_SWORDSMAN</UnitArtInfo>
			<UnitFlagAtlas>ADLC02_UNIT_FLAG_ATLAS</UnitFlagAtlas>
			<UnitFlagIconOffset>1</UnitFlagIconOffset>
			<IconAtlas>ADRAGON_UNIT_ATLAS</IconAtlas>
			<PortraitIndex>17</PortraitIndex>
			<MoveRate>HEAVY_BIPED</MoveRate>
		</Row>
	</Units>
	<Unit_AITypes>
		<Row>
			<UnitType>UNIT_RIVERMEN</UnitType>
			<UnitAIType>UNITAI_ATTACK</UnitAIType>
		</Row>
		<Row>
			<UnitType>UNIT_RIVERMEN</UnitType>
			<UnitAIType>UNITAI_DEFENSE</UnitAIType>
		</Row>
	</Unit_AITypes>
	<Unit_ClassUpgrades>
		<Row>
			<UnitType>UNIT_RIVERMEN</UnitType>
			<UnitClassType>UNITCLASS_LONGSWORDSMAN</UnitClassType>
		</Row>
	</Unit_ClassUpgrades>
	<Unit_Flavors>
		<Row>
			<UnitType>UNIT_RIVERMEN</UnitType>
			<FlavorType>FLAVOR_OFFENSE</FlavorType>
			<Flavor>6</Flavor>
		</Row>
		<Row>
			<UnitType>UNIT_RIVERMEN</UnitType>
			<FlavorType>FLAVOR_DEFENSE</FlavorType>
			<Flavor>6</Flavor>
		</Row>
	</Unit_Flavors>
	<Unit_FreePromotions>
		<Row>
			<UnitType>UNIT_RIVERMEN</UnitType>
			<PromotionType>PROMOTION_AMPHIBIOUS</PromotionType>
		</Row>
	</Unit_FreePromotions>
	<Unit_ResourceQuantityRequirements>
		<Row>
			<UnitType>UNIT_RIVERMEN</UnitType>
			<ResourceType>RESOURCE_IRON</ResourceType>
		</Row>
	</Unit_ResourceQuantityRequirements>

	<!-- GIANT -->

	<Units>
		<Row>
			<Class>UNITCLASS_LONGSWORDSMAN</Class>
			<Type>UNIT_GIANT</Type>
			<PrereqTech>TECH_STEEL</PrereqTech>
			<Combat>24</Combat>
			<Cost>120</Cost>
			<FaithCost>240</FaithCost>
			<RequiresFaithPurchaseEnabled>true</RequiresFaithPurchaseEnabled>
			<Moves>2</Moves>
			<CombatClass>UNITCOMBAT_MELEE</CombatClass>
			<Domain>DOMAIN_LAND</Domain>
			<DefaultUnitAI>UNITAI_ATTACK</DefaultUnitAI>
			<Description>TXT_KEY_UNIT_GIANT</Description>
			<Civilopedia>TXT_KEY_CIV5_GIANT_TEXT</Civilopedia>
			<Strategy>TXT_KEY_UNIT_GIANT_STRATEGY</Strategy>
			<Help>TXT_KEY_UNIT_HELP_GIANT</Help>
			<MilitarySupport>true</MilitarySupport>
			<MilitaryProduction>true</MilitaryProduction>
			<Pillage>true</Pillage>
			<ObsoleteTech>TECH_GUNPOWDER</ObsoleteTech>
			<AdvancedStartCost>25</AdvancedStartCost>
			<XPValueAttack>3</XPValueAttack>
			<XPValueDefense>3</XPValueDefense>
			<Conscription>3</Conscription>
			<UnitArtInfo>ART_DEF_UNIT_GIANT</UnitArtInfo>
			<UnitFlagAtlas>AKOREA_UNIT_FLAG_ATLAS</UnitFlagAtlas>
			<UnitFlagIconOffset>1</UnitFlagIconOffset>
			<IconAtlas>UNIT_ATLAS_1</IconAtlas>
			<PortraitIndex>25</PortraitIndex>
			<MoveRate>HEAVY_BIPED</MoveRate>
		</Row>
	</Units>
	<Unit_AITypes>
		<Row>
			<UnitType>UNIT_GIANT</UnitType>
			<UnitAIType>UNITAI_ATTACK</UnitAIType>
		</Row>
		<Row>
			<UnitType>UNIT_GIANT</UnitType>
			<UnitAIType>UNITAI_DEFENSE</UnitAIType>
		</Row>
	</Unit_AITypes>
	<Unit_Flavors>
		<Row>
			<UnitType>UNIT_GIANT</UnitType>
			<FlavorType>FLAVOR_OFFENSE</FlavorType>
			<Flavor>9</Flavor>
		</Row>
		<Row>
			<UnitType>UNIT_GIANT</UnitType>
			<FlavorType>FLAVOR_DEFENSE</FlavorType>
			<Flavor>7</Flavor>
		</Row>
	</Unit_Flavors>

	<!-- Valeman -->

	<Units>
		<Row>
			<Class>UNITCLASS_PIKEMAN</Class>
			<Type>UNIT_VALEMAN</Type>
			<PrereqTech>TECH_CIVIL_SERVICE</PrereqTech>
			<Combat>18</Combat>
			<Cost>100</Cost>
			<FaithCost>100</FaithCost>
			<RequiresFaithPurchaseEnabled>true</RequiresFaithPurchaseEnabled>
			<Moves>2</Moves>
			<CombatClass>UNITCOMBAT_MELEE</CombatClass>
			<Domain>DOMAIN_LAND</Domain>
			<DefaultUnitAI>UNITAI_ATTACK</DefaultUnitAI>
			<Description>TXT_KEY_UNIT_VALEMAN</Description>
			<Civilopedia>TXT_KEY_CIV5_UNIT_VALEMAN_TEXT</Civilopedia>
			<Strategy>TXT_KEY_UNIT_VALEMAN_STRATEGY</Strategy>
			<Help>TXT_KEY_UNIT_HELP_VALEMAN</Help>
			<MilitarySupport>true</MilitarySupport>
			<MilitaryProduction>true</MilitaryProduction>
			<Pillage>true</Pillage>
			<ObsoleteTech>TECH_METALLURGY</ObsoleteTech>
			<AdvancedStartCost>20</AdvancedStartCost>
			<XPValueAttack>3</XPValueAttack>
			<XPValueDefense>3</XPValueDefense>
			<Conscription>3</Conscription>
			<UnitArtInfo>ART_DEF_UNIT_U_SPANISH_TERCIO</UnitArtInfo>
			<IconAtlas>DLC02_UNIT_ATLAS</IconAtlas>
			<UnitFlagAtlas>ADLC02_UNIT_FLAG_ATLAS</UnitFlagAtlas>
			<UnitFlagIconOffset>3</UnitFlagIconOffset>
			<PortraitIndex>3</PortraitIndex>
		</Row>
	</Units>
	<Unit_FreePromotions>
		<Row>
			<UnitType>UNIT_VALEMAN</UnitType>
			<PromotionType>PROMOTION_IGNORE_TERRAIN_COST</PromotionType>
		</Row>
		<Row>
			<UnitType>UNIT_VALEMAN</UnitType>
			<PromotionType>PROMOTION_VALEMAN</PromotionType>
		</Row>
	</Unit_FreePromotions>
	<Unit_AITypes>
		<Row>
			<UnitType>UNIT_VALEMAN</UnitType>
			<UnitAIType>UNITAI_ATTACK</UnitAIType>
		</Row>
		<Row>
			<UnitType>UNIT_VALEMAN</UnitType>
			<UnitAIType>UNITAI_DEFENSE</UnitAIType>
		</Row>
	</Unit_AITypes>
	<Unit_Flavors>
		<Row>
			<UnitType>UNIT_VALEMAN</UnitType>
			<FlavorType>FLAVOR_OFFENSE</FlavorType>
			<Flavor>9</Flavor>
		</Row>
		<Row>
			<UnitType>UNIT_VALEMAN</UnitType>
			<FlavorType>FLAVOR_DEFENSE</FlavorType>
			<Flavor>7</Flavor>
		</Row>
	</Unit_Flavors>

	<!-- True Knight -->
	<Units>
		<Row>
			<Class>UNITCLASS_KNIGHT</Class>
			<Type>UNIT_TRUE_KNIGHT</Type>
			<PrereqTech>TECH_CHIVALRY</PrereqTech>
			<Combat>20</Combat>
			<Cost>100</Cost>
			<FaithCost>250</FaithCost>
			<RequiresFaithPurchaseEnabled>true</RequiresFaithPurchaseEnabled>
			<Moves>4</Moves>
			<CombatClass>UNITCOMBAT_MOUNTED</CombatClass>
			<Domain>DOMAIN_LAND</Domain>
			<DefaultUnitAI>UNITAI_ATTACK</DefaultUnitAI>
			<Description>TXT_KEY_UNIT_TRUE_KNIGHT</Description>
			<Civilopedia>TXT_KEY_CIV5_TRUE_KNIGHT_TEXT</Civilopedia>
			<Strategy>TXT_KEY_CIV5_TRUE_KNIGHT_STRATEGY</Strategy>
			<Help>TXT_KEY_CIV5_TRUE_KNIGHT_HELP</Help>
			<Found>true</Found>
			<FoundAbroad>true</FoundAbroad>
			<MilitarySupport>true</MilitarySupport>
			<MilitaryProduction>true</MilitaryProduction>
			<Pillage>true</Pillage>
			<ObsoleteTech>TECH_MILITARY_SCIENCE</ObsoleteTech>
			<AdvancedStartCost>25</AdvancedStartCost>
			<XPValueAttack>3</XPValueAttack>
			<XPValueDefense>3</XPValueDefense>
			<UnitArtInfo>ART_DEF_UNIT_U_SPANISH_CONQUISTADOR</UnitArtInfo>
			<IconAtlas>ADRAGON_UNIT_ATLAS</IconAtlas>
			<UnitFlagAtlas>AKOREA_UNIT_FLAG_ATLAS</UnitFlagAtlas>
			<UnitFlagIconOffset>0</UnitFlagIconOffset>
			<PortraitIndex>61</PortraitIndex>
		</Row>
	</Units>
	<Unit_AITypes>
		<Row>
			<UnitType>UNIT_TRUE_KNIGHT</UnitType>
			<UnitAIType>UNITAI_ATTACK</UnitAIType>
		</Row>
		<Row>
			<UnitType>UNIT_TRUE_KNIGHT</UnitType>
			<UnitAIType>UNITAI_DEFENSE</UnitAIType>
		</Row>
		<Row>
			<UnitType>UNIT_TRUE_KNIGHT</UnitType>
			<UnitAIType>UNITAI_FAST_ATTACK</UnitAIType>
		</Row>
	</Unit_AITypes>
	<Unit_FreePromotions>
		<Row>
			<UnitType>UNIT_TRUE_KNIGHT</UnitType>
			<PromotionType>PROMOTION_NO_DEFENSIVE_BONUSES</PromotionType>
		</Row>
		<Row>
			<UnitType>UNIT_TRUE_KNIGHT</UnitType>
			<PromotionType>PROMOTION_CAN_MOVE_AFTER_ATTACKING</PromotionType>
		</Row>
	</Unit_FreePromotions>
	<Unit_Flavors>
		<Row>
			<UnitType>UNIT_TRUE_KNIGHT</UnitType>
			<FlavorType>FLAVOR_OFFENSE</FlavorType>
			<Flavor>12</Flavor>
		</Row>
		<Row>
			<UnitType>UNIT_TRUE_KNIGHT</UnitType>
			<FlavorType>FLAVOR_DEFENSE</FlavorType>
			<Flavor>4</Flavor>
		</Row>
		<Row>
			<UnitType>UNIT_TRUE_KNIGHT</UnitType>
			<FlavorType>FLAVOR_MOBILE</FlavorType>
			<Flavor>10</Flavor>
		</Row>
	</Unit_Flavors>
	<Unit_ResourceQuantityRequirements>
		<Row>
			<UnitType>UNIT_TRUE_KNIGHT</UnitType>
			<ResourceType>RESOURCE_HORSE</ResourceType>
			<Cost>1</Cost>
		</Row>
	</Unit_ResourceQuantityRequirements>

	<!-- SWORN SWORD -->

	<Units>
		<Row>
			<Class>UNITCLASS_KNIGHT</Class>
			<Type>UNIT_SWORN_SWORD</Type>
			<PrereqTech>TECH_CHIVALRY</PrereqTech>
			<Combat>26</Combat>
			<Cost>145</Cost>
			<FaithCost>150</FaithCost>
			<RequiresFaithPurchaseEnabled>true</RequiresFaithPurchaseEnabled>
			<Moves>3</Moves>
			<CombatClass>UNITCOMBAT_MOUNTED</CombatClass>
			<Domain>DOMAIN_LAND</Domain>
			<DefaultUnitAI>UNITAI_FAST_ATTACK</DefaultUnitAI>
			<Description>TXT_KEY_UNIT_SWORN_SWORD</Description>
			<Civilopedia>TXT_KEY_CIV5_UNIT_SWORN_SWORD</Civilopedia>
			<Strategy>TXT_KEY_UNIT_SWORN_SWORD_STRATEGY</Strategy>
			<Help>TXT_KEY_UNIT_HELP_SWORN_SWORD</Help>
			<MilitarySupport>true</MilitarySupport>
			<MilitaryProduction>true</MilitaryProduction>
			<Pillage>true</Pillage>
			<ObsoleteTech>TECH_MILITARY_SCIENCE</ObsoleteTech>
			<AdvancedStartCost>25</AdvancedStartCost>
			<XPValueAttack>3</XPValueAttack>
			<XPValueDefense>3</XPValueDefense>
			<UnitArtInfo>ART_DEF_UNIT_U_BYZANTIUM_CATAPHRACT</UnitArtInfo>
			<UnitFlagAtlas>EXPANSION_CIV_ALPHA_ATLAS</UnitFlagAtlas>
			<UnitFlagIconOffset>4</UnitFlagIconOffset>
			<IconAtlas>EXPANSION_UNIT_ATLAS_1</IconAtlas>
			<PortraitIndex>4</PortraitIndex>
			<MoveRate>QUADRUPED</MoveRate>
		</Row>
	</Units>
	<Unit_AITypes>
		<Row>
			<UnitType>UNIT_SWORN_SWORD</UnitType>
			<UnitAIType>UNITAI_DEFENSE</UnitAIType>
		</Row>
		<Row>
			<UnitType>UNIT_SWORN_SWORD</UnitType>
			<UnitAIType>UNITAI_FAST_ATTACK</UnitAIType>
		</Row>
	</Unit_AITypes>
	<Unit_FreePromotions>
		<Row>
			<UnitType>UNIT_SWORN_SWORD</UnitType>
			<PromotionType>PROMOTION_CAN_MOVE_AFTER_ATTACKING</PromotionType>
		</Row>
		<Row>
			<UnitType>UNIT_SWORN_SWORD</UnitType>
			<PromotionType>PROMOTION_SMALL_CITY_PENALTY</PromotionType>
		</Row>
		<Row>
			<UnitType>UNIT_SWORN_SWORD</UnitType>
			<PromotionType>PROMOTION_FREE_PILLAGE_MOVES</PromotionType>
		</Row>
		<Row>
			<UnitType>UNIT_SWORN_SWORD</UnitType>
			<PromotionType>PROMOTION_NO_DEFENSIVE_BONUSES</PromotionType>
		</Row>
	</Unit_FreePromotions>
	<Unit_Flavors>
		<Row>
			<UnitType>UNIT_SWORN_SWORD</UnitType>
			<FlavorType>FLAVOR_OFFENSE</FlavorType>
			<Flavor>9</Flavor>
		</Row>
		<Row>
			<UnitType>UNIT_SWORN_SWORD</UnitType>
			<FlavorType>FLAVOR_DEFENSE</FlavorType>
			<Flavor>3</Flavor>
		</Row>
		<Row>
			<UnitType>UNIT_SWORN_SWORD</UnitType>
			<FlavorType>FLAVOR_MOBILE</FlavorType>
			<Flavor>5</Flavor>
		</Row>
	</Unit_Flavors>
	<Unit_ResourceQuantityRequirements>
		<Row>
			<UnitType>UNIT_SWORN_SWORD</UnitType>
			<ResourceType>RESOURCE_HORSE</ResourceType>
			<Cost>1</Cost>
		</Row>
	</Unit_ResourceQuantityRequirements>

	<!--Thrall-->

	<Units>
		<Row>
			<Class>UNITCLASS_WORKER</Class>
			<Type>UNIT_THRALL</Type>
			<Cost>80</Cost>
			<Moves>2</Moves>
			<Capture>UNITCLASS_WORKER</Capture>
			<CivilianAttackPriority>CIVILIAN_ATTACK_PRIORITY_LOW</CivilianAttackPriority>
			<Domain>DOMAIN_LAND</Domain>
			<DefaultUnitAI>UNITAI_WORKER</DefaultUnitAI>
			<Description>TXT_KEY_UNIT_THRALL</Description>
			<Civilopedia>TXT_KEY_CIV5_THRALL_TEXT</Civilopedia>
			<Strategy>TXT_KEY_UNIT_THRALL_STRATEGY</Strategy>
			<Help>TXT_KEY_UNIT_HELP_THRALL</Help>
			<AdvancedStartCost>20</AdvancedStartCost>
			<WorkRate>150</WorkRate>
			<CombatLimit>0</CombatLimit>
			<UnitArtInfo>ART_DEF_UNIT__WORKER</UnitArtInfo>
			<UnitArtInfoEraVariation>true</UnitArtInfoEraVariation>
			<UnitFlagIconOffset>1</UnitFlagIconOffset>
			<PortraitIndex>1</PortraitIndex>
			<IconAtlas>UNIT_ATLAS_1</IconAtlas>
		</Row>
	</Units>
	<Unit_AITypes>
		<Row>
			<UnitType>UNIT_THRALL</UnitType>
			<UnitAIType>UNITAI_WORKER</UnitAIType>
		</Row>
	</Unit_AITypes>
	<Unit_Builds>
		<Row>
			<UnitType>UNIT_THRALL</UnitType>
			<BuildType>BUILD_ROAD</BuildType>
		</Row>
		<Row>
			<UnitType>UNIT_THRALL</UnitType>
			<BuildType>BUILD_RAILROAD</BuildType>
		</Row>
		<Row>
			<UnitType>UNIT_THRALL</UnitType>
			<BuildType>BUILD_FARM</BuildType>
		</Row>
		<Row>
			<UnitType>UNIT_THRALL</UnitType>
			<BuildType>BUILD_MINE</BuildType>
		</Row>
		<Row>
			<UnitType>UNIT_THRALL</UnitType>
			<BuildType>BUILD_TRADING_POST</BuildType>
		</Row>
		<Row>
			<UnitType>UNIT_THRALL</UnitType>
			<BuildType>BUILD_LUMBERMILL</BuildType>
		</Row>
		<Row>
			<UnitType>UNIT_THRALL</UnitType>
			<BuildType>BUILD_PASTURE</BuildType>
		</Row>
		<Row>
			<UnitType>UNIT_THRALL</UnitType>
			<BuildType>BUILD_CAMP</BuildType>
		</Row>
		<Row>
			<UnitType>UNIT_THRALL</UnitType>
			<BuildType>BUILD_PLANTATION</BuildType>
		</Row>
		<Row>
			<UnitType>UNIT_THRALL</UnitType>
			<BuildType>BUILD_QUARRY</BuildType>
		</Row>
		<Row>
			<UnitType>UNIT_THRALL</UnitType>
			<BuildType>BUILD_WELL</BuildType>
		</Row>
		<Row>
			<UnitType>UNIT_THRALL</UnitType>
			<BuildType>BUILD_FORT</BuildType>
		</Row>
		<Row>
			<UnitType>UNIT_THRALL</UnitType>
			<BuildType>BUILD_REMOVE_JUNGLE</BuildType>
		</Row>
		<Row>
			<UnitType>UNIT_THRALL</UnitType>
			<BuildType>BUILD_REMOVE_MARSH</BuildType>
		</Row>
		<Row>
			<UnitType>UNIT_THRALL</UnitType>
			<BuildType>BUILD_REMOVE_FOREST</BuildType>
		</Row>
		<Row>
			<UnitType>UNIT_THRALL</UnitType>
			<BuildType>BUILD_SCRUB_FALLOUT</BuildType>
		</Row>
		<Row>
			<UnitType>UNIT_THRALL</UnitType>
			<BuildType>BUILD_REPAIR</BuildType>
		</Row>
		<Row>
			<UnitType>UNIT_THRALL</UnitType>
			<BuildType>BUILD_REMOVE_ROUTE</BuildType>
		</Row>
	</Unit_Builds>
	
	<!-- Light Warrior -->

	<Units>
		<Row>
			<Class>UNITCLASS_SPEARMAN</Class>
			<Type>UNIT_WARRIOR_LIGHT</Type>
			<PrereqTech>TECH_BRONZE_WORKING</PrereqTech>
			<Combat>13</Combat>
			<Cost>60</Cost>
			<FaithCost>120</FaithCost>
			<RequiresFaithPurchaseEnabled>true</RequiresFaithPurchaseEnabled>
			<Moves>3</Moves>
			<HurryCostModifier>20</HurryCostModifier>
			<CombatClass>UNITCOMBAT_MELEE</CombatClass>
			<Domain>DOMAIN_LAND</Domain>
			<DefaultUnitAI>UNITAI_ATTACK</DefaultUnitAI>
			<Description>TXT_KEY_UNIT_WARRIOR_LIGHT</Description>
			<Civilopedia>TXT_KEY_CIV5_WARRIOR_LIGHT_TEXT</Civilopedia>
			<Strategy>TXT_KEY_UNIT_WARRIOR_LIGHT_STRATEGY</Strategy>
			<Help>TXT_KEY_UNIT_HELP_WARRIOR_LIGHT</Help>
			<MilitarySupport>true</MilitarySupport>
			<MilitaryProduction>true</MilitaryProduction>
			<Pillage>true</Pillage>
			<ObsoleteTech>TECH_GUNPOWDER</ObsoleteTech>
			<AdvancedStartCost>20</AdvancedStartCost>
			<XPValueAttack>3</XPValueAttack>
			<XPValueDefense>3</XPValueDefense>
			<Conscription>1</Conscription>
			<UnitArtInfo>ART_DEF_UNIT_U_PERSIAN_IMMORTAL</UnitArtInfo>
			<UnitFlagAtlas>AKOREA_UNIT_FLAG_ATLAS</UnitFlagAtlas>
			<UnitFlagIconOffset>3</UnitFlagIconOffset>
			<IconAtlas>ADRAGON_UNIT_ATLAS</IconAtlas>
			<PortraitIndex>38</PortraitIndex>
			<MoveRate>HEAVY_BIPED</MoveRate>
		</Row>
	</Units>
	<Unit_AITypes>
		<Row>
			<UnitType>UNIT_WARRIOR_LIGHT</UnitType>
			<UnitAIType>UNITAI_ATTACK</UnitAIType>
		</Row>
		<Row>
			<UnitType>UNIT_WARRIOR_LIGHT</UnitType>
			<UnitAIType>UNITAI_DEFENSE</UnitAIType>
		</Row>
		<Row>
			<UnitType>UNIT_WARRIOR_LIGHT</UnitType>
			<UnitAIType>UNITAI_EXPLORE</UnitAIType>
		</Row>
	</Unit_AITypes>
	<Unit_FreePromotions>
		<Row>
			<UnitType>UNIT_WARRIOR_LIGHT</UnitType>
			<PromotionType>PROMOTION_DEFENDER</PromotionType>
		</Row>
	</Unit_FreePromotions>
	<Unit_Flavors>
		<Row>
			<UnitType>UNIT_WARRIOR_LIGHT</UnitType>
			<FlavorType>FLAVOR_OFFENSE</FlavorType>
			<Flavor>12</Flavor>
		</Row>
		<Row>
			<UnitType>UNIT_WARRIOR_LIGHT</UnitType>
			<FlavorType>FLAVOR_DEFENSE</FlavorType>
			<Flavor>4</Flavor>
		</Row>
		<Row>
			<UnitType>UNIT_WARRIOR_LIGHT</UnitType>
			<FlavorType>FLAVOR_MOBILE</FlavorType>
			<Flavor>8</Flavor>
		</Row>
	</Unit_Flavors>
	<Unit_YieldFromKills>
		<Row>
			<UnitType>UNIT_WARRIOR_LIGHT</UnitType>
			<YieldType>YIELD_FAITH</YieldType>
			<Yield>50</Yield>
		</Row>
	</Unit_YieldFromKills>

<!-- Battering Ram -->

	<Units>
		<Row>
			<Class>UNITCLASS_TREBUCHET</Class>
			<Type>UNIT_BATTERING_RAM</Type>
			<PrereqTech>TECH_PHYSICS</PrereqTech>
			<Combat>14</Combat>
			<Cost>120</Cost>
			<FaithCost>240</FaithCost>
			<RequiresFaithPurchaseEnabled>true</RequiresFaithPurchaseEnabled>
			<Moves>2</Moves>
			<CombatClass>UNITCOMBAT_MELEE</CombatClass>
			<Domain>DOMAIN_LAND</Domain>
			<DefaultUnitAI>UNITAI_CITY_BOMBARD</DefaultUnitAI>
			<Description>TXT_KEY_UNIT_BATTERING_RAM</Description>
			<Civilopedia>TXT_KEY_CIV5_BATTERING_RAM_TEXT</Civilopedia>
			<Strategy>TXT_KEY_UNIT_BATTERING_RAM_STRATEGY</Strategy>
			<Help>TXT_KEY_UNIT_HELP_BATTERING_RAM</Help>
			<MilitarySupport>true</MilitarySupport>
			<MilitaryProduction>true</MilitaryProduction>
			<Pillage>true</Pillage>
			<AdvancedStartCost>25</AdvancedStartCost>
			<XPValueAttack>3</XPValueAttack>
			<XPValueDefense>3</XPValueDefense>
			<UnitArtInfo>ART_DEF_UNIT_U_HUNS_BATTERING_RAM</UnitArtInfo>
			<UnitFlagAtlas>EXPANSION_UNIT_FLAG_ATLAS</UnitFlagAtlas>
			<UnitFlagIconOffset>2</UnitFlagIconOffset>
			<IconAtlas>EXPANSION_UNIT_ATLAS_1</IconAtlas>
			<PortraitIndex>2</PortraitIndex>
		</Row>
	</Units>
	<Unit_AITypes>
		<Row>
			<UnitType>UNIT_BATTERING_RAM</UnitType>
			<UnitAIType>UNITAI_CITY_BOMBARD</UnitAIType>
		</Row>
	</Unit_AITypes>
	<Unit_Flavors>
		<Row>
			<UnitType>UNIT_BATTERING_RAM</UnitType>
			<FlavorType>FLAVOR_OFFENSE</FlavorType>
			<Flavor>20</Flavor>
		</Row>
		<Row>
			<UnitType>UNIT_BATTERING_RAM</UnitType>
			<FlavorType>FLAVOR_RANGED</FlavorType>
			<Flavor>5</Flavor>
		</Row>
	</Unit_Flavors>
	<Unit_FreePromotions>
		<Row>
			<UnitType>UNIT_BATTERING_RAM</UnitType>
			<PromotionType>PROMOTION_CITY_ASSAULT</PromotionType>
		</Row>
		<Row>
			<UnitType>UNIT_BATTERING_RAM</UnitType>
			<PromotionType>PROMOTION_NO_DEFENSIVE_BONUSES</PromotionType>
		</Row>
		<Row>
			<UnitType>UNIT_BATTERING_RAM</UnitType>
			<PromotionType>PROMOTION_DEFENSE_PENALTY</PromotionType>
		</Row>
		<Row>
			<UnitType>UNIT_BATTERING_RAM</UnitType>
			<PromotionType>PROMOTION_SIGHT_PENALTY</PromotionType>
		</Row>
		<Row>
			<UnitType>UNIT_BATTERING_RAM</UnitType>
			<PromotionType>PROMOTION_COVER_1</PromotionType>
		</Row>
		<Row>
			<UnitType>UNIT_BATTERING_RAM</UnitType>
			<PromotionType>PROMOTION_ONLY_ATTACKS_CITIES</PromotionType>
		</Row>
	</Unit_FreePromotions>
	
	<!-- Crannogman -->
	<Units>
		<Row>
			<Class>UNITCLASS_CROSSBOWMAN</Class>
			<Type>UNIT_CRANNOGMAN</Type>
			<PrereqTech>TECH_MACHINERY</PrereqTech>
			<Combat>13</Combat>
			<RangedCombat>18</RangedCombat>
			<Cost>120</Cost>
			<FaithCost>240</FaithCost>
			<RequiresFaithPurchaseEnabled>true</RequiresFaithPurchaseEnabled>
			<Moves>2</Moves>
			<Range>2</Range>
			<CombatClass>UNITCOMBAT_ARCHER</CombatClass>
			<Domain>DOMAIN_LAND</Domain>
			<DefaultUnitAI>UNITAI_RANGED</DefaultUnitAI>
			<Description>TXT_KEY_UNIT_CRANNOGMAN</Description>
			<Civilopedia>TXT_KEY_CIVILOPEDIA_UNITS_CRANNOGMAN_TEXT</Civilopedia>
			<Strategy>TXT_KEY_UNIT_CRANNOGMAN_STRATEGY</Strategy>
			<Help>TXT_KEY_UNIT_HELP_CRANNOGMAN</Help>
			<MilitarySupport>true</MilitarySupport>
			<MilitaryProduction>true</MilitaryProduction>
			<Pillage>true</Pillage>
			<ObsoleteTech>TECH_INDUSTRIALIZATION</ObsoleteTech>
			<AdvancedStartCost>20</AdvancedStartCost>
			<XPValueAttack>3</XPValueAttack>
			<XPValueDefense>3</XPValueDefense>
			<UnitArtInfo>ART_DEF_UNIT_U_ENGLISH_LONGBOWMAN</UnitArtInfo>
			<UnitFlagIconOffset>30</UnitFlagIconOffset>
			<IconAtlas>ADRAGON_UNIT_ATLAS</IconAtlas>
			<PortraitIndex>44</PortraitIndex>
		</Row>
	</Units>
	<Unit_AITypes>
		<Row>
			<UnitType>UNIT_CRANNOGMAN</UnitType>
			<UnitAIType>UNITAI_RANGED</UnitAIType>
		</Row>
	</Unit_AITypes>
	<Unit_Flavors>
		<Row>
			<UnitType>UNIT_CRANNOGMAN</UnitType>
			<FlavorType>FLAVOR_OFFENSE</FlavorType>
			<Flavor>4</Flavor>
		</Row>
		<Row>
			<UnitType>UNIT_CRANNOGMAN</UnitType>
			<FlavorType>FLAVOR_DEFENSE</FlavorType>
			<Flavor>5</Flavor>
		</Row>
		<Row>
			<UnitType>UNIT_CRANNOGMAN</UnitType>
			<FlavorType>FLAVOR_RANGED</FlavorType>
			<Flavor>10</Flavor>
		</Row>
	</Unit_Flavors>
	<Unit_FreePromotions>
		<Row>
			<UnitType>UNIT_CRANNOGMAN</UnitType>
			<PromotionType>PROMOTION_ONLY_DEFENSIVE</PromotionType>
		</Row>
		<Row>
			<UnitType>UNIT_CRANNOGMAN</UnitType>
			<PromotionType>PROMOTION_CRANNOGMAN</PromotionType>
		</Row>
	</Unit_FreePromotions>

	<!-- Mountain Clan -->
	<Units>
		<Row>
			<Class>UNITCLASS_SPEARMAN</Class>
			<Type>UNIT_MOUNTAIN_CLAN</Type>
			<PrereqTech>TECH_BRONZE_WORKING</PrereqTech>
			<Combat>12</Combat>
			<Cost>56</Cost>
			<Moves>2</Moves>
			<CombatClass>UNITCOMBAT_MELEE</CombatClass>
			<Domain>DOMAIN_LAND</Domain>
			<DefaultUnitAI>UNITAI_COUNTER</DefaultUnitAI>
			<Description>TXT_KEY_UNIT_MOUNTAIN_CLAN</Description>
			<Civilopedia>TXT_KEY_CIVILOPEDIA_UNITS_MOUNTAIN_CLAN_TEXT</Civilopedia>
			<Strategy>TXT_KEY_UNIT_MOUNTAIN_CLAN_STRATEGY</Strategy>
			<Help>TXT_KEY_UNIT_HELP_MOUNTAIN_CLAN</Help>
			<MilitarySupport>true</MilitarySupport>
			<MilitaryProduction>true</MilitaryProduction>
			<Pillage>true</Pillage>
			<ObsoleteTech>TECH_CIVIL_SERVICE</ObsoleteTech>
			<GoodyHutUpgradeUnitClass>UNITCLASS_PIKEMAN</GoodyHutUpgradeUnitClass>
			<AdvancedStartCost>15</AdvancedStartCost>
			<XPValueAttack>3</XPValueAttack>
			<XPValueDefense>3</XPValueDefense>
			<Conscription>2</Conscription>
			<UnitArtInfo>ART_DEF_UNIT_BARBARIAN_SPEARMAN</UnitArtInfo>
			<UnitFlagAtlas>AUNIT_FLAG_ATLAS_1</UnitFlagAtlas>
			<UnitFlagIconOffset>1</UnitFlagIconOffset>
			<IconAtlas>ADRAGON_UNIT_ATLAS</IconAtlas>
			<PortraitIndex>32</PortraitIndex>
		</Row>
	</Units>
	<Unit_AITypes>
		<Row>
			<UnitType>UNIT_MOUNTAIN_CLAN</UnitType>
			<UnitAIType>UNITAI_COUNTER</UnitAIType>
		</Row>
		<Row>
			<UnitType>UNIT_MOUNTAIN_CLAN</UnitType>
			<UnitAIType>UNITAI_DEFENSE</UnitAIType>
		</Row>
		<Row>
			<UnitType>UNIT_MOUNTAIN_CLAN</UnitType>
			<UnitAIType>UNITAI_EXPLORE</UnitAIType>
		</Row>
	</Unit_AITypes>
	<Unit_ClassUpgrades>
		<Row>
			<UnitType>UNIT_MOUNTAIN_CLAN</UnitType>
			<UnitClassType>UNITCLASS_PIKEMAN</UnitClassType>
		</Row>
	</Unit_ClassUpgrades>
	<Unit_Flavors>
		<Row>
			<UnitType>UNIT_MOUNTAIN_CLAN</UnitType>
			<FlavorType>FLAVOR_OFFENSE</FlavorType>
			<Flavor>2</Flavor>
		</Row>
		<Row>
			<UnitType>UNIT_MOUNTAIN_CLAN</UnitType>
			<FlavorType>FLAVOR_DEFENSE</FlavorType>
			<Flavor>4</Flavor>
		</Row>
	</Unit_Flavors>
	<Unit_FreePromotions>
		<Row>
			<UnitType>UNIT_MOUNTAIN_CLAN</UnitType>
			<PromotionType>PROMOTION_ANTI_MOUNTED_I</PromotionType>
		</Row>
		<Row>
			<UnitType>UNIT_MOUNTAIN_CLAN</UnitType>
			<PromotionType>PROMOTION_IGNORE_TERRAIN_COST</PromotionType>
		</Row>
		<Row>
			<UnitType>UNIT_MOUNTAIN_CLAN</UnitType>
			<PromotionType>PROMOTION_FREE_PILLAGE_MOVES</PromotionType>
		</Row>
	</Unit_FreePromotions>
	
	<!-- War Mammoth -->

	<Units>
		<Row>
			<Class>UNITCLASS_HORSEMAN</Class>
			<Type>UNIT_WARMAMMOTH</Type>
			<PrereqTech>TECH_HORSEBACK_RIDING</PrereqTech>
			<Combat>14</Combat>
			<Cost>75</Cost>
			<FaithCost>150</FaithCost>
			<RequiresFaithPurchaseEnabled>true</RequiresFaithPurchaseEnabled>
			<Moves>3</Moves>
			<HurryCostModifier>20</HurryCostModifier>
			<CombatClass>UNITCOMBAT_MOUNTED</CombatClass>
			<Domain>DOMAIN_LAND</Domain>
			<DefaultUnitAI>UNITAI_FAST_ATTACK</DefaultUnitAI>
			<Description>TXT_KEY_UNIT_WARMAMMOTH</Description>
			<Civilopedia>TXT_KEY_CIVILOPEDIA_UNITS_WARMAMMOTH_TEXT</Civilopedia>
			<Strategy>TXT_KEY_UNIT_WARMAMMOTH_STRATEGY</Strategy>
			<Help>TXT_KEY_UNIT_HELP_WARMAMMOTH</Help>
			<MilitarySupport>true</MilitarySupport>
			<MilitaryProduction>true</MilitaryProduction>
			<Pillage>true</Pillage>
			<ObsoleteTech>TECH_CHIVALRY</ObsoleteTech>
			<GoodyHutUpgradeUnitClass>UNITCLASS_KNIGHT</GoodyHutUpgradeUnitClass>
			<AdvancedStartCost>20</AdvancedStartCost>
			<XPValueAttack>3</XPValueAttack>
			<XPValueDefense>3</XPValueDefense>
			<UnitArtInfo>ART_DEF_UNIT_U_SIAMESE_WARELEPHANT</UnitArtInfo>
			<UnitFlagIconOffset>28</UnitFlagIconOffset>
			<IconAtlas>UNIT_ATLAS_1</IconAtlas>
			<PortraitIndex>29</PortraitIndex>
			<MoveRate>PHANT</MoveRate>
		</Row>
	</Units>
	<Unit_AITypes>
		<Row>
			<UnitType>UNIT_WARMAMMOTH</UnitType>
			<UnitAIType>UNITAI_DEFENSE</UnitAIType>
		</Row>
		<Row>
			<UnitType>UNIT_WARMAMMOTH</UnitType>
			<UnitAIType>UNITAI_FAST_ATTACK</UnitAIType>
		</Row>
	</Unit_AITypes>
	<Unit_ClassUpgrades>
		<Row>
			<UnitType>UNIT_WARMAMMOTH</UnitType>
			<UnitClassType>UNITCLASS_KNIGHT</UnitClassType>
		</Row>
	</Unit_ClassUpgrades>
	<Unit_Flavors>
		<Row>
			<UnitType>UNIT_WARMAMMOTH</UnitType>
			<FlavorType>FLAVOR_OFFENSE</FlavorType>
			<Flavor>10</Flavor>
		</Row>
		<Row>
			<UnitType>UNIT_WARMAMMOTH</UnitType>
			<FlavorType>FLAVOR_DEFENSE</FlavorType>
			<Flavor>16</Flavor>
		</Row>
	</Unit_Flavors>
	<Unit_FreePromotions>
		<Row>
			<UnitType>UNIT_WARMAMMOTH</UnitType>
			<PromotionType>PROMOTION_NO_DEFENSIVE_BONUSES</PromotionType>
		</Row>
		<Row>
			<UnitType>UNIT_WARMAMMOTH</UnitType>
			<PromotionType>PROMOTION_ANTI_MOUNTED_I</PromotionType>
		</Row>
		<Row>
			<UnitType>UNIT_WARMAMMOTH</UnitType>
			<PromotionType>PROMOTION_CAN_MOVE_AFTER_ATTACKING</PromotionType>
		</Row>
		<Row>
			<UnitType>UNIT_WARMAMMOTH</UnitType>
			<PromotionType>PROMOTION_CITY_PENALTY</PromotionType>
		</Row>
	</Unit_FreePromotions>

	<!-- Horse Archer -->

	<Units>
		<Row>
			<Class>UNITCLASS_CHARIOT_ARCHER</Class>
			<Type>UNIT_HORSE_ARCHER</Type>
			<PrereqTech>TECH_THE_WHEEL</PrereqTech>
			<Combat>6</Combat>
			<RangedCombat>10</RangedCombat>
			<Cost>56</Cost>
			<FaithCost>112</FaithCost>
			<RequiresFaithPurchaseEnabled>true</RequiresFaithPurchaseEnabled>
			<Moves>4</Moves>
			<Range>2</Range>
			<CombatClass>UNITCOMBAT_ARCHER</CombatClass>
			<Domain>DOMAIN_LAND</Domain>
			<DefaultUnitAI>UNITAI_RANGED</DefaultUnitAI>
			<Description>TXT_KEY_UNIT_HORSE_ARCHER</Description>
			<Civilopedia>TXT_KEY_CIV5_HORSE_ARCHER_TEXT</Civilopedia>
			<Strategy>TXT_KEY_UNIT_HORSE_ARCHER_STRATEGY</Strategy>
			<Help>TXT_KEY_UNIT_HELP_HORSE_ARCHER</Help>
			<MilitarySupport>true</MilitarySupport>
			<MilitaryProduction>true</MilitaryProduction>
			<Pillage>true</Pillage>
			<ObsoleteTech>TECH_CHIVALRY</ObsoleteTech>
			<GoodyHutUpgradeUnitClass>UNITCLASS_KNIGHT</GoodyHutUpgradeUnitClass>
			<AdvancedStartCost>15</AdvancedStartCost>
			<XPValueAttack>3</XPValueAttack>
			<XPValueDefense>3</XPValueDefense>
			<UnitArtInfo>ART_DEF_UNIT_U_HUNS_HORSE_ARCHER</UnitArtInfo>
			<UnitFlagAtlas>ADLC02_UNIT_FLAG_ATLAS</UnitFlagAtlas>
			<UnitFlagIconOffset>0</UnitFlagIconOffset>
			<IconAtlas>EXPANSION_UNIT_ATLAS_1</IconAtlas>
			<PortraitIndex>7</PortraitIndex>
			<MoveRate>QUADRUPED</MoveRate>
		</Row>
	</Units>
	<Unit_AITypes>
		<Row>
			<UnitType>UNIT_HORSE_ARCHER</UnitType>
			<UnitAIType>UNITAI_RANGED</UnitAIType>
		</Row>
	</Unit_AITypes>
	<Unit_ClassUpgrades>
		<Row>
			<UnitType>UNIT_HORSE_ARCHER</UnitType>
			<UnitClassType>UNITCLASS_KNIGHT</UnitClassType>
		</Row>
	</Unit_ClassUpgrades>
	<Unit_Flavors>
		<Row>
			<UnitType>UNIT_HORSE_ARCHER</UnitType>
			<FlavorType>FLAVOR_OFFENSE</FlavorType>
			<Flavor>2</Flavor>
		</Row>
		<Row>
			<UnitType>UNIT_HORSE_ARCHER</UnitType>
			<FlavorType>FLAVOR_RANGED</FlavorType>
			<Flavor>4</Flavor>
		</Row>
		<Row>
			<UnitType>UNIT_HORSE_ARCHER</UnitType>
			<FlavorType>FLAVOR_MOBILE</FlavorType>
			<Flavor>1</Flavor>
		</Row>
	</Unit_Flavors>
	<Unit_FreePromotions>
		<Row>
			<UnitType>UNIT_HORSE_ARCHER</UnitType>
			<PromotionType>PROMOTION_NO_DEFENSIVE_BONUSES</PromotionType>
		</Row>
		<Row>
			<UnitType>UNIT_HORSE_ARCHER</UnitType>
			<PromotionType>PROMOTION_ONLY_DEFENSIVE</PromotionType>
		</Row>
	</Unit_FreePromotions>
	<Unit_ResourceQuantityRequirements>
		<Row>
			<UnitType>UNIT_HORSE_ARCHER</UnitType>
			<ResourceType>RESOURCE_HORSE</ResourceType>
		</Row>
	</Unit_ResourceQuantityRequirements>
</GameData>