<?xml version="1.0" encoding="utf-8"?>
<!-- Created by ModBuddy on 2/8/2013 8:45:10 PM -->
<GameData>
	<Unit_UniqueNames>
		<!--Kill 'em-->
		<Delete UnitType="UNIT_ARTIST"/>
		<Delete UnitType="UNIT_SCIENTIST"/>
		<Delete UnitType="UNIT_MERCHANT"/>
		<Delete UnitType="UNIT_GREAT_ADMIRAL"/>
		<Delete UnitType="UNIT_ENGINEER"/>
		<Delete UnitType="UNIT_GREAT_GENERAL"/>
		<!-- Great Singers-->
		<Row>
			<UnitType>UNIT_ARTIST</UnitType>
			<UniqueName>TXT_KEY_GREAT_SINGER_0</UniqueName>
		</Row>
		<Row>
			<UnitType>UNIT_ARTIST</UnitType>
			<UniqueName>TXT_KEY_GREAT_SINGER_2</UniqueName>
		</Row>
		<Row>
			<UnitType>UNIT_ARTIST</UnitType>
			<UniqueName>TXT_KEY_GREAT_SINGER_3</UniqueName>
		</Row>
		<Row>
			<UnitType>UNIT_ARTIST</UnitType>
			<UniqueName>TXT_KEY_GREAT_SINGER_4</UniqueName>
		</Row>
		<Row>
			<UnitType>UNIT_ARTIST</UnitType>
			<UniqueName>TXT_KEY_GREAT_SINGER_5</UniqueName>
		</Row>
		<Row>
			<UnitType>UNIT_ARTIST</UnitType>
			<UniqueName>TXT_KEY_GREAT_SINGER_6</UniqueName>
		</Row>
		<Row>
			<UnitType>UNIT_ARTIST</UnitType>
			<UniqueName>TXT_KEY_GREAT_SINGER_7</UniqueName>
		</Row>
		<Row>
			<UnitType>UNIT_ARTIST</UnitType>
			<UniqueName>TXT_KEY_GREAT_SINGER_8</UniqueName>
		</Row>
		<Row>
			<UnitType>UNIT_ARTIST</UnitType>
			<UniqueName>TXT_KEY_GREAT_SINGER_9</UniqueName>
		</Row>
		<Row>
			<UnitType>UNIT_ARTIST</UnitType>
			<UniqueName>TXT_KEY_GREAT_SINGER_10</UniqueName>
		</Row>
		<Row>
			<UnitType>UNIT_ARTIST</UnitType>
			<UniqueName>TXT_KEY_GREAT_SINGER_11</UniqueName>
		</Row>
		<Row>
			<UnitType>UNIT_ARTIST</UnitType>
			<UniqueName>TXT_KEY_GREAT_SINGER_12</UniqueName>
		</Row>
		<Row>
			<UnitType>UNIT_ARTIST</UnitType>
			<UniqueName>TXT_KEY_GREAT_SINGER_13</UniqueName>
		</Row>
		<Row>
			<UnitType>UNIT_ARTIST</UnitType>
			<UniqueName>TXT_KEY_GREAT_SINGER_14</UniqueName>
		</Row>
		<Row>
			<UnitType>UNIT_ARTIST</UnitType>
			<UniqueName>TXT_KEY_GREAT_SINGER_15</UniqueName>
		</Row>
		<Row>
			<UnitType>UNIT_ARTIST</UnitType>
			<UniqueName>TXT_KEY_GREAT_SINGER_16</UniqueName>
		</Row>
		<!-- Archmaesters -->
		<Row>
			<UnitType>UNIT_SCIENTIST</UnitType>
			<UniqueName>TXT_KEY_GREAT_MAESTER_0</UniqueName>
		</Row>
		<Row>
			<UnitType>UNIT_SCIENTIST</UnitType>
			<UniqueName>TXT_KEY_GREAT_MAESTER_1</UniqueName>
		</Row>
		<Row>
			<UnitType>UNIT_SCIENTIST</UnitType>
			<UniqueName>TXT_KEY_GREAT_MAESTER_2</UniqueName>
		</Row>
		<Row>
			<UnitType>UNIT_SCIENTIST</UnitType>
			<UniqueName>TXT_KEY_GREAT_MAESTER_3</UniqueName>
		</Row>
		<Row>
			<UnitType>UNIT_SCIENTIST</UnitType>
			<UniqueName>TXT_KEY_GREAT_MAESTER_4</UniqueName>
		</Row>
		<Row>
			<UnitType>UNIT_SCIENTIST</UnitType>
			<UniqueName>TXT_KEY_GREAT_MAESTER_5</UniqueName>
		</Row>
		<Row>
			<UnitType>UNIT_SCIENTIST</UnitType>
			<UniqueName>TXT_KEY_GREAT_MAESTER_6</UniqueName>
		</Row>
		<Row>
			<UnitType>UNIT_SCIENTIST</UnitType>
			<UniqueName>TXT_KEY_GREAT_MAESTER_7</UniqueName>
		</Row>
		<Row>
			<UnitType>UNIT_SCIENTIST</UnitType>
			<UniqueName>TXT_KEY_GREAT_MAESTER_8</UniqueName>
		</Row>
		<Row>
			<UnitType>UNIT_SCIENTIST</UnitType>
			<UniqueName>TXT_KEY_GREAT_MAESTER_9</UniqueName>
		</Row>
		<!-- Great Merchants -->
		<Row>
			<UnitType>UNIT_MERCHANT</UnitType>
			<UniqueName>TXT_KEY_GREAT_MERCHANT_0</UniqueName>
		</Row>
		<Row>
			<UnitType>UNIT_MERCHANT</UnitType>
			<UniqueName>TXT_KEY_GREAT_MERCHANT_1</UniqueName>
		</Row>
		<Row>
			<UnitType>UNIT_MERCHANT</UnitType>
			<UniqueName>TXT_KEY_GREAT_MERCHANT_2</UniqueName>
		</Row>
		<Row>
			<UnitType>UNIT_MERCHANT</UnitType>
			<UniqueName>TXT_KEY_GREAT_MERCHANT_3</UniqueName>
		</Row>
		<Row>
			<UnitType>UNIT_MERCHANT</UnitType>
			<UniqueName>TXT_KEY_GREAT_MERCHANT_4</UniqueName>
		</Row>
		<Row>
			<UnitType>UNIT_MERCHANT</UnitType>
			<UniqueName>TXT_KEY_GREAT_MERCHANT_5</UniqueName>
		</Row>
		<!-- Great Captains -->
		<Row>
			<UnitType>UNIT_GREAT_ADMIRAL</UnitType>
			<UniqueName>TXT_KEY_GREAT_CAPTAIN_0</UniqueName>
		</Row>
		<Row>
			<UnitType>UNIT_GREAT_ADMIRAL</UnitType>
			<UniqueName>TXT_KEY_GREAT_CAPTAIN_1</UniqueName>
		</Row>
		<Row>
			<UnitType>UNIT_GREAT_ADMIRAL</UnitType>
			<UniqueName>TXT_KEY_GREAT_CAPTAIN_2</UniqueName>
		</Row>
		<Row>
			<UnitType>UNIT_GREAT_ADMIRAL</UnitType>
			<UniqueName>TXT_KEY_GREAT_CAPTAIN_3</UniqueName>
		</Row>
		<Row>
			<UnitType>UNIT_GREAT_ADMIRAL</UnitType>
			<UniqueName>TXT_KEY_GREAT_CAPTAIN_4</UniqueName>
		</Row>
		<Row>
			<UnitType>UNIT_GREAT_ADMIRAL</UnitType>
			<UniqueName>TXT_KEY_GREAT_CAPTAIN_5</UniqueName>
		</Row>
		<Row>
			<UnitType>UNIT_GREAT_ADMIRAL</UnitType>
			<UniqueName>TXT_KEY_GREAT_CAPTAIN_6</UniqueName>
		</Row>
		<!-- Great Builders -->
		<Row>
			<UnitType>UNIT_ENGINEER</UnitType>
			<UniqueName>TXT_KEY_GREAT_BUILDER_0</UniqueName>
		</Row>
		<Row>
			<UnitType>UNIT_ENGINEER</UnitType>
			<UniqueName>TXT_KEY_GREAT_BUILDER_1</UniqueName>
		</Row>
		<Row>
			<UnitType>UNIT_ENGINEER</UnitType>
			<UniqueName>TXT_KEY_GREAT_BUILDER_2</UniqueName>
		</Row>
		<Row>
			<UnitType>UNIT_ENGINEER</UnitType>
			<UniqueName>TXT_KEY_GREAT_BUILDER_3</UniqueName>
		</Row>
		<Row>
			<UnitType>UNIT_ENGINEER</UnitType>
			<UniqueName>TXT_KEY_GREAT_BUILDER_4</UniqueName>
		</Row>
		<Row>
			<UnitType>UNIT_ENGINEER</UnitType>
			<UniqueName>TXT_KEY_GREAT_BUILDER_5</UniqueName>
		</Row>
		<!-- Great Commanders -->
		<Row>
			<UnitType>UNIT_GREAT_GENERAL</UnitType>
			<UniqueName>TXT_KEY_GREAT_COMMANDER_0</UniqueName>
		</Row>
		<Row>
			<UnitType>UNIT_GREAT_GENERAL</UnitType>
			<UniqueName>TXT_KEY_GREAT_COMMANDER_1</UniqueName>
		</Row>
		<Row>
			<UnitType>UNIT_GREAT_GENERAL</UnitType>
			<UniqueName>TXT_KEY_GREAT_COMMANDER_2</UniqueName>
		</Row>
		<Row>
			<UnitType>UNIT_GREAT_GENERAL</UnitType>
			<UniqueName>TXT_KEY_GREAT_COMMANDER_3</UniqueName>
		</Row>
		<Row>
			<UnitType>UNIT_GREAT_GENERAL</UnitType>
			<UniqueName>TXT_KEY_GREAT_COMMANDER_4</UniqueName>
		</Row>
		<Row>
			<UnitType>UNIT_GREAT_GENERAL</UnitType>
			<UniqueName>TXT_KEY_GREAT_COMMANDER_5</UniqueName>
		</Row>
		<Row>
			<UnitType>UNIT_GREAT_GENERAL</UnitType>
			<UniqueName>TXT_KEY_GREAT_COMMANDER_6</UniqueName>
		</Row>
		<Row>
			<UnitType>UNIT_GREAT_GENERAL</UnitType>
			<UniqueName>TXT_KEY_GREAT_COMMANDER_7</UniqueName>
		</Row>
		<Row>
			<UnitType>UNIT_GREAT_GENERAL</UnitType>
			<UniqueName>TXT_KEY_GREAT_COMMANDER_8</UniqueName>
		</Row>
		<Row>
			<UnitType>UNIT_GREAT_GENERAL</UnitType>
			<UniqueName>TXT_KEY_GREAT_COMMANDER_9</UniqueName>
		</Row>
		<Row>
			<UnitType>UNIT_GREAT_GENERAL</UnitType>
			<UniqueName>TXT_KEY_GREAT_COMMANDER_10</UniqueName>
		</Row>
		<Row>
			<UnitType>UNIT_GREAT_GENERAL</UnitType>
			<UniqueName>TXT_KEY_GREAT_COMMANDER_11</UniqueName>
		</Row>
		<Row>
			<UnitType>UNIT_GREAT_GENERAL</UnitType>
			<UniqueName>TXT_KEY_GREAT_COMMANDER_12</UniqueName>
		</Row>
		<Row>
			<UnitType>UNIT_GREAT_GENERAL</UnitType>
			<UniqueName>TXT_KEY_GREAT_COMMANDER_13</UniqueName>
		</Row>
		<Row>
			<UnitType>UNIT_GREAT_GENERAL</UnitType>
			<UniqueName>TXT_KEY_GREAT_COMMANDER_14</UniqueName>
		</Row>
		<Row>
			<UnitType>UNIT_GREAT_GENERAL</UnitType>
			<UniqueName>TXT_KEY_GREAT_COMMANDER_15</UniqueName>
		</Row>
		<Row>
			<UnitType>UNIT_GREAT_GENERAL</UnitType>
			<UniqueName>TXT_KEY_GREAT_COMMANDER_16</UniqueName>
		</Row>
		<Row>
			<UnitType>UNIT_GREAT_GENERAL</UnitType>
			<UniqueName>TXT_KEY_GREAT_COMMANDER_17</UniqueName>
		</Row>
		<Row>
			<UnitType>UNIT_GREAT_GENERAL</UnitType>
			<UniqueName>TXT_KEY_GREAT_COMMANDER_18</UniqueName>
		</Row>
		<Row>
			<UnitType>UNIT_GREAT_GENERAL</UnitType>
			<UniqueName>TXT_KEY_GREAT_COMMANDER_19</UniqueName>
		</Row>
		<Row>
			<UnitType>UNIT_GREAT_GENERAL</UnitType>
			<UniqueName>TXT_KEY_GREAT_COMMANDER_20</UniqueName>
		</Row>
		<Row>
			<UnitType>UNIT_GREAT_GENERAL</UnitType>
			<UniqueName>TXT_KEY_GREAT_COMMANDER_21</UniqueName>
		</Row>
		<Row>
			<UnitType>UNIT_GREAT_GENERAL</UnitType>
			<UniqueName>TXT_KEY_GREAT_COMMANDER_22</UniqueName>
		</Row>
	</Unit_UniqueNames>
</GameData>