<?xml version="1.0" encoding="utf-8"?>
<!-- Created by ModBuddy on 10/21/2012 12:44:34 AM -->
<GameData>
	<Civilizations>
		<Update>
			<Where Type="CIVILIZATION_AZTEC"/>
			<Set Description="TXT_KEY_CIV_GREYJOY_DESC" ShortDescription="TXT_KEY_CIV_GREYJOY_SHORT_DESC" Adjective="TXT_KEY_CIV_GREYJOY_ADJECTIVE" Civilopedia="TXT_KEY_CIV_GREYJOY_PEDIA" CivilopediaTag="TXT_KEY_CIV5_GREYJOY" DefaultPlayerColor="PLAYERCOLOR_IRON" ArtDefineTag="ART_DEF_CIVILIZATION_ENGLAND" ArtStyleType="ARTSTYLE_EUROPEAN" ArtStyleSuffix="_EURO" ArtStylePrefix="EUROPEAN " PortraitIndex="6" IconAtlas="ACIV_COLOR_ATLAS_LEGENDS" AlphaIconAtlas="ACIV_ALPHA_ATLAS_LEGENDS" MapImage="MapIronIslands.dds" DawnOfManQuote="TXT_KEY_CIV5_DAWN_GREYJOY_TEXT" DawnOfManImage="DOM_Balon1.dds" DawnOfManAudio="NULL" SoundtrackTag="Rome"/>
		</Update>
		<!-- PortraitIndex="0" IconAtlas="CIV_COLOR_ATLAS_GREYJOY" -->
	</Civilizations>
	<Civilization_CityNames>
		<Delete CivilizationType="CIVILIZATION_AZTEC" CityName="TXT_KEY_CITY_NAME_TENOCHTITLAN"/>
		<Delete CivilizationType="CIVILIZATION_AZTEC" CityName="TXT_KEY_CITY_NAME_TEOTIHUACAN"/>
		<Delete CivilizationType="CIVILIZATION_AZTEC" CityName="TXT_KEY_CITY_NAME_TLATELOLCO"/>
		<Delete CivilizationType="CIVILIZATION_AZTEC" CityName="TXT_KEY_CITY_NAME_TEXCOCO"/>
		<Delete CivilizationType="CIVILIZATION_AZTEC" CityName="TXT_KEY_CITY_NAME_TLAXCALA"/>
		<Delete CivilizationType="CIVILIZATION_AZTEC" CityName="TXT_KEY_CITY_NAME_CALIXTLAHUACA"/>
		<Delete CivilizationType="CIVILIZATION_AZTEC" CityName="TXT_KEY_CITY_NAME_XOCHICALCO"/>
		<Delete CivilizationType="CIVILIZATION_AZTEC" CityName="TXT_KEY_CITY_NAME_TLACOPAN"/>
		<Delete CivilizationType="CIVILIZATION_AZTEC" CityName="TXT_KEY_CITY_NAME_ATZCAPOTZALCO"/>
		<Delete CivilizationType="CIVILIZATION_AZTEC" CityName="TXT_KEY_CITY_NAME_TZINTZUNTZEN"/>
		<Delete CivilizationType="CIVILIZATION_AZTEC" CityName="TXT_KEY_CITY_NAME_MALINALCO"/>
		<Delete CivilizationType="CIVILIZATION_AZTEC" CityName="TXT_KEY_CITY_NAME_TULA"/>
		<Delete CivilizationType="CIVILIZATION_AZTEC" CityName="TXT_KEY_CITY_NAME_TAMUIN"/>
		<Delete CivilizationType="CIVILIZATION_AZTEC" CityName="TXT_KEY_CITY_NAME_TEAYO"/>
		<Delete CivilizationType="CIVILIZATION_AZTEC" CityName="TXT_KEY_CITY_NAME_CEMPOALA"/>
		<Delete CivilizationType="CIVILIZATION_AZTEC" CityName="TXT_KEY_CITY_NAME_CHALCO"/>
		<Delete CivilizationType="CIVILIZATION_AZTEC" CityName="TXT_KEY_CITY_NAME_TLALMANALCO"/>
		<Delete CivilizationType="CIVILIZATION_AZTEC" CityName="TXT_KEY_CITY_NAME_IXTAPALUCA"/>
		<Delete CivilizationType="CIVILIZATION_AZTEC" CityName="TXT_KEY_CITY_NAME_HUEXOTLA"/>
		<Delete CivilizationType="CIVILIZATION_AZTEC" CityName="TXT_KEY_CITY_NAME_TEPEXPAN"/>
		<Delete CivilizationType="CIVILIZATION_AZTEC" CityName="TXT_KEY_CITY_NAME_TEPETLAOXTOC"/>
		<Delete CivilizationType="CIVILIZATION_AZTEC" CityName="TXT_KEY_CITY_NAME_CHICONAUTLA"/>
		<Delete CivilizationType="CIVILIZATION_AZTEC" CityName="TXT_KEY_CITY_NAME_ZITLALTEPEC"/>
		<Delete CivilizationType="CIVILIZATION_AZTEC" CityName="TXT_KEY_CITY_NAME_COYOTEPEC"/>
		<Delete CivilizationType="CIVILIZATION_AZTEC" CityName="TXT_KEY_CITY_NAME_TEQUIXQUIAC"/>
		<Delete CivilizationType="CIVILIZATION_AZTEC" CityName="TXT_KEY_CITY_NAME_JILOTZINGO"/>
		<Delete CivilizationType="CIVILIZATION_AZTEC" CityName="TXT_KEY_CITY_NAME_TLAPANALOYA"/>
		<Delete CivilizationType="CIVILIZATION_AZTEC" CityName="TXT_KEY_CITY_NAME_TULTITAN"/>
		<Delete CivilizationType="CIVILIZATION_AZTEC" CityName="TXT_KEY_CITY_NAME_ECATEPEC"/>
		<Delete CivilizationType="CIVILIZATION_AZTEC" CityName="TXT_KEY_CITY_NAME_COATEPEC"/>
		<Delete CivilizationType="CIVILIZATION_AZTEC" CityName="TXT_KEY_CITY_NAME_CHALCHIUITES"/>
		<Delete CivilizationType="CIVILIZATION_AZTEC" CityName="TXT_KEY_CITY_NAME_CHIAUHITA"/>
		<Delete CivilizationType="CIVILIZATION_AZTEC" CityName="TXT_KEY_CITY_NAME_CHAPULTEPEC"/>
		<Delete CivilizationType="CIVILIZATION_AZTEC" CityName="TXT_KEY_CITY_NAME_ITZAPALAPA"/>
		<Delete CivilizationType="CIVILIZATION_AZTEC" CityName="TXT_KEY_CITY_NAME_AYOTZINCO"/>
		<Delete CivilizationType="CIVILIZATION_AZTEC" CityName="TXT_KEY_CITY_NAME_IZTAPAM"/>
		
		<Row>
			<CivilizationType>CIVILIZATION_AZTEC</CivilizationType>
			<CityName>TXT_KEY_CITY_NAME_IRON_ISLANDS</CityName>
		</Row>
		<Row>
			<CivilizationType>CIVILIZATION_AZTEC</CivilizationType>
			<CityName>TXT_KEY_CITY_NAME_IRON_ISLANDS2</CityName>
		</Row>
		<Row>
			<CivilizationType>CIVILIZATION_AZTEC</CivilizationType>
			<CityName>TXT_KEY_CITY_NAME_IRON_ISLANDS3</CityName>
		</Row>
		<Row>
			<CivilizationType>CIVILIZATION_AZTEC</CivilizationType>
			<CityName>TXT_KEY_CITY_NAME_IRON_ISLANDS4</CityName>
		</Row>
		<Row>
			<CivilizationType>CIVILIZATION_AZTEC</CivilizationType>
			<CityName>TXT_KEY_CITY_NAME_IRON_ISLANDS5</CityName>
		</Row>
		<Row>
			<CivilizationType>CIVILIZATION_AZTEC</CivilizationType>
			<CityName>TXT_KEY_CITY_NAME_IRON_ISLANDS6</CityName>
		</Row>
		<Row>
			<CivilizationType>CIVILIZATION_AZTEC</CivilizationType>
			<CityName>TXT_KEY_CITY_NAME_IRON_ISLANDS7</CityName>
		</Row>
		<Row>
			<CivilizationType>CIVILIZATION_AZTEC</CivilizationType>
			<CityName>TXT_KEY_CITY_NAME_IRON_ISLANDS8</CityName>
		</Row>
		<Row>
			<CivilizationType>CIVILIZATION_AZTEC</CivilizationType>
			<CityName>TXT_KEY_CITY_NAME_IRON_ISLANDS9</CityName>
		</Row>
		<Row>
			<CivilizationType>CIVILIZATION_AZTEC</CivilizationType>
			<CityName>TXT_KEY_CITY_NAME_IRON_ISLANDS10</CityName>
		</Row>
		<Row>
			<CivilizationType>CIVILIZATION_AZTEC</CivilizationType>
			<CityName>TXT_KEY_CITY_NAME_IRON_ISLANDS11</CityName>
		</Row>
		<Row>
			<CivilizationType>CIVILIZATION_AZTEC</CivilizationType>
			<CityName>TXT_KEY_CITY_NAME_IRON_ISLANDS12</CityName>
		</Row>
		<Row>
			<CivilizationType>CIVILIZATION_AZTEC</CivilizationType>
			<CityName>TXT_KEY_CITY_NAME_IRON_ISLANDS13</CityName>
		</Row>
	</Civilization_CityNames>

	<Civilization_Leaders>
		<Update>
			<Where CivilizationType="CIVILIZATION_AZTEC"/>
			<Set LeaderheadType="LEADER_BALON"/>
		</Update>
	</Civilization_Leaders>
	<Civilization_Religions>
		<Update>
			<Where CivilizationType="CIVILIZATION_AZTEC"/>
			<Set ReligionType="RELIGION_DROWNED_GOD"/>
		</Update>
	</Civilization_Religions>
	<Civilization_SpyNames>
		<Delete CivilizationType="CIVILIZATION_AZTEC" SpyName="TXT_KEY_SPY_NAME_AZTEC_0"/>
		<Delete CivilizationType="CIVILIZATION_AZTEC" SpyName="TXT_KEY_SPY_NAME_AZTEC_1"/>
		<Delete CivilizationType="CIVILIZATION_AZTEC" SpyName="TXT_KEY_SPY_NAME_AZTEC_2"/>
		<Delete CivilizationType="CIVILIZATION_AZTEC" SpyName="TXT_KEY_SPY_NAME_AZTEC_3"/>
		<Delete CivilizationType="CIVILIZATION_AZTEC" SpyName="TXT_KEY_SPY_NAME_AZTEC_4"/>
		<Delete CivilizationType="CIVILIZATION_AZTEC" SpyName="TXT_KEY_SPY_NAME_AZTEC_5"/>
		<Delete CivilizationType="CIVILIZATION_AZTEC" SpyName="TXT_KEY_SPY_NAME_AZTEC_6"/>
		<Delete CivilizationType="CIVILIZATION_AZTEC" SpyName="TXT_KEY_SPY_NAME_AZTEC_7"/>
		<Delete CivilizationType="CIVILIZATION_AZTEC" SpyName="TXT_KEY_SPY_NAME_AZTEC_8"/>
		<Delete CivilizationType="CIVILIZATION_AZTEC" SpyName="TXT_KEY_SPY_NAME_AZTEC_9"/>
		
		<Row>
			<CivilizationType>CIVILIZATION_AZTEC</CivilizationType>
			<SpyName>TXT_KEY_SPY_NAME_UNIVERSAL_0</SpyName>
		</Row>
		<Row>
			<CivilizationType>CIVILIZATION_AZTEC</CivilizationType>
			<SpyName>TXT_KEY_SPY_NAME_UNIVERSAL_1</SpyName>
		</Row>
		<Row>
			<CivilizationType>CIVILIZATION_AZTEC</CivilizationType>
			<SpyName>TXT_KEY_SPY_NAME_UNIVERSAL_2</SpyName>
		</Row>
		<Row>
			<CivilizationType>CIVILIZATION_AZTEC</CivilizationType>
			<SpyName>TXT_KEY_SPY_NAME_UNIVERSAL_3</SpyName>
		</Row>
		<Row>
			<CivilizationType>CIVILIZATION_AZTEC</CivilizationType>
			<SpyName>TXT_KEY_SPY_NAME_UNIVERSAL_4</SpyName>
		</Row>
		<Row>
			<CivilizationType>CIVILIZATION_AZTEC</CivilizationType>
			<SpyName>TXT_KEY_SPY_NAME_UNIVERSAL_5</SpyName>
		</Row>
		<Row>
			<CivilizationType>CIVILIZATION_AZTEC</CivilizationType>
			<SpyName>TXT_KEY_SPY_NAME_UNIVERSAL_6</SpyName>
		</Row>
		<Row>
			<CivilizationType>CIVILIZATION_AZTEC</CivilizationType>
			<SpyName>TXT_KEY_SPY_NAME_UNIVERSAL_7</SpyName>
		</Row>
	</Civilization_SpyNames>
	<Civilization_Start_Along_Ocean>
		<Row>
			<CivilizationType>CIVILIZATION_AZTEC</CivilizationType>
			<StartAlongOcean>true</StartAlongOcean>
		</Row>
	</Civilization_Start_Along_Ocean>
	<Civilization_Start_Region_Priority>
		<Delete CivilizationType="CIVILIZATION_AZTEC" RegionType="REGION_GRASS"/>
	</Civilization_Start_Region_Priority>
	<Civilization_UnitClassOverrides>
		<Delete CivilizationType="CIVILIZATION_AZTEC" UnitType="UNIT_AZTEC_JAGUAR"/>
		<Row>
			<CivilizationType>CIVILIZATION_AZTEC</CivilizationType>
			<UnitClassType>UNITCLASS_CARAVEL</UnitClassType>
			<UnitType>UNIT_IRONBORN</UnitType>
		</Row>
		<Row>
			<CivilizationType>CIVILIZATION_AZTEC</CivilizationType>
			<UnitClassType>UNITCLASS_WORKER</UnitClassType>
			<UnitType>UNIT_THRALL</UnitType>
		</Row>
	</Civilization_UnitClassOverrides>
	<Civilization_BuildingClassOverrides>
		<Delete CivilizationType="CIVILIZATION_AZTEC" BuildingType="BUILDING_FLOATING_GARDENS"/>
		<Row>
			<CivilizationType>CIVILIZATION_AZTEC</CivilizationType>
			<BuildingClassType>BUILDINGCLASS_HARBOR</BuildingClassType>
			<BuildingType>BUILDING_IHARBOR</BuildingType>
		</Row>
	</Civilization_BuildingClassOverrides>
</GameData>