<?xml version="1.0" encoding="utf-8"?>
<!-- Created by ModBuddy on 6/4/2013 6:52:58 PM -->
<GameData>
	<Civilizations>
		<Update>
			<Where Type="CIVILIZATION_CARTHAGE"/>
			<Set Description="TXT_KEY_CIV_ARRYN_DESC" ShortDescription="TXT_KEY_CIV_ARRYN_SHORT_DESC" Adjective="TXT_KEY_CIV_ARRYN_ADJECTIVE" Civilopedia="TXT_KEY_CIV_ARRYN_PEDIA" CivilopediaTag="TXT_KEY_CIV5_ARRYN" DefaultPlayerColor="PLAYERCOLOR_ARRYN" ArtDefineTag="ART_DEF_CIVILIZATION_ENGLAND" ArtStyleType="ARTSTYLE_EUROPEAN" ArtStyleSuffix="_EURO" ArtStylePrefix="EUROPEAN " PortraitIndex="3" IconAtlas="ACIV_COLOR_ATLAS_LEGENDS" AlphaIconAtlas="ACIV_ALPHA_ATLAS_LEGENDS" MapImage="MapEyrie.dds" DawnOfManQuote="TXT_KEY_CIV5_DAWN_ARRYN_TEXT" DawnOfManImage="DOM_Littlefinger.dds" DawnOfManAudio="NULL" SoundtrackTag="Sweden"/>
		</Update>
		<!-- PortraitIndex="0" IconAtlas="CIV_COLOR_ATLAS_ARRYN" -->
	</Civilizations>
	<Civilization_CityNames>
		<Delete CivilizationType="CIVILIZATION_CARTHAGE" CityName="TXT_KEY_CITY_NAME_CARTHAGE"/> 
		<Delete CivilizationType="CIVILIZATION_CARTHAGE" CityName="TXT_KEY_CITY_NAME_UTIQUE"/> 
		<Delete CivilizationType="CIVILIZATION_CARTHAGE" CityName="TXT_KEY_CITY_NAME_HIPPOREGIUS"/> 
		<Delete CivilizationType="CIVILIZATION_CARTHAGE" CityName="TXT_KEY_CITY_NAME_GADES"/> 
		<Delete CivilizationType="CIVILIZATION_CARTHAGE" CityName="TXT_KEY_CITY_NAME_SAGUNTUM"/> 
		<Delete CivilizationType="CIVILIZATION_CARTHAGE" CityName="TXT_KEY_CITY_NAME_CARTHAGONOVA"/> 
		<Delete CivilizationType="CIVILIZATION_CARTHAGE" CityName="TXT_KEY_CITY_NAME_PANORMUS"/> 
		<Delete CivilizationType="CIVILIZATION_CARTHAGE" CityName="TXT_KEY_CITY_NAME_LILYBAEUM"/> 
		<Delete CivilizationType="CIVILIZATION_CARTHAGE" CityName="TXT_KEY_CITY_NAME_HADRUMETUM"/> 
		<Delete CivilizationType="CIVILIZATION_CARTHAGE" CityName="TXT_KEY_CITY_NAME_ZAMAREGIA"/> 
		<Delete CivilizationType="CIVILIZATION_CARTHAGE" CityName="TXT_KEY_CITY_NAME_KARALIS"/> 
		<Delete CivilizationType="CIVILIZATION_CARTHAGE" CityName="TXT_KEY_CITY_NAME_MALACA"/> 
		<Delete CivilizationType="CIVILIZATION_CARTHAGE" CityName="TXT_KEY_CITY_NAME_LEPTISMAGNA"/> 
		<Delete CivilizationType="CIVILIZATION_CARTHAGE" CityName="TXT_KEY_CITY_NAME_HIPPODIARRHYTUS"/> 
		<Delete CivilizationType="CIVILIZATION_CARTHAGE" CityName="TXT_KEY_CITY_NAME_MOTYA"/> 
		<Delete CivilizationType="CIVILIZATION_CARTHAGE" CityName="TXT_KEY_CITY_NAME_SOLKI"/> 
		<Delete CivilizationType="CIVILIZATION_CARTHAGE" CityName="TXT_KEY_CITY_NAME_THARROS"/> 
		<Delete CivilizationType="CIVILIZATION_CARTHAGE" CityName="TXT_KEY_CITY_NAME_LEPTISPARVA"/> 
		<Delete CivilizationType="CIVILIZATION_CARTHAGE" CityName="TXT_KEY_CITY_NAME_SOLUNTUM"/> 
		<Delete CivilizationType="CIVILIZATION_CARTHAGE" CityName="TXT_KEY_CITY_NAME_LIXUS"/> 
		<Delete CivilizationType="CIVILIZATION_CARTHAGE" CityName="TXT_KEY_CITY_NAME_OEA"/> 
		<Delete CivilizationType="CIVILIZATION_CARTHAGE" CityName="TXT_KEY_CITY_NAME_THEVESTE"/> 
		<Delete CivilizationType="CIVILIZATION_CARTHAGE" CityName="TXT_KEY_CITY_NAME_IBOSSIM"/> 
		<Delete CivilizationType="CIVILIZATION_CARTHAGE" CityName="TXT_KEY_CITY_NAME_THAPSUS"/> 
		<Delete CivilizationType="CIVILIZATION_CARTHAGE" CityName="TXT_KEY_CITY_NAME_ALERIA"/> 
		<Delete CivilizationType="CIVILIZATION_CARTHAGE" CityName="TXT_KEY_CITY_NAME_TINGIS"/> 
		<Delete CivilizationType="CIVILIZATION_CARTHAGE" CityName="TXT_KEY_CITY_NAME_ABYLA"/> 
		<Delete CivilizationType="CIVILIZATION_CARTHAGE" CityName="TXT_KEY_CITY_NAME_SABRATHE"/> 
		<Delete CivilizationType="CIVILIZATION_CARTHAGE" CityName="TXT_KEY_CITY_NAME_RUSADIR"/> 
		<Delete CivilizationType="CIVILIZATION_CARTHAGE" CityName="TXT_KEY_CITY_NAME_BAECULA"/> 
		<Delete CivilizationType="CIVILIZATION_CARTHAGE" CityName="TXT_KEY_CITY_NAME_SALDAE"/> 
	
		<Row>
			<CivilizationType>CIVILIZATION_CARTHAGE</CivilizationType>
			<CityName>TXT_KEY_CITY_NAME_EYRIE</CityName>
		</Row>
		<Row>
			<CivilizationType>CIVILIZATION_CARTHAGE</CivilizationType>
			<CityName>TXT_KEY_CITY_NAME_EYRIE2</CityName>
		</Row>
		<Row>
			<CivilizationType>CIVILIZATION_CARTHAGE</CivilizationType>
			<CityName>TXT_KEY_CITY_NAME_EYRIE3</CityName>
		</Row>
		<Row>
			<CivilizationType>CIVILIZATION_CARTHAGE</CivilizationType>
			<CityName>TXT_KEY_CITY_NAME_EYRIE4</CityName>
		</Row>
		<Row>
			<CivilizationType>CIVILIZATION_CARTHAGE</CivilizationType>
			<CityName>TXT_KEY_CITY_NAME_EYRIE5</CityName>
		</Row>
		<Row>
			<CivilizationType>CIVILIZATION_CARTHAGE</CivilizationType>
			<CityName>TXT_KEY_CITY_NAME_EYRIE6</CityName>
		</Row>
		<Row>
			<CivilizationType>CIVILIZATION_CARTHAGE</CivilizationType>
			<CityName>TXT_KEY_CITY_NAME_EYRIE7</CityName>
		</Row>
	</Civilization_CityNames>
	<Civilization_Leaders>
		<Update>
			<Where CivilizationType="CIVILIZATION_CARTHAGE"/>
			<Set LeaderheadType="LEADER_LITTLEFINGER"/>
		</Update>
	</Civilization_Leaders>
	<Civilization_Religions>
		<Update>
			<Where CivilizationType="CIVILIZATION_CARTHAGE"/>
			<Set ReligionType="RELIGION_SEVEN"/>
		</Update>
	</Civilization_Religions>
	<Civilization_SpyNames>
		<Delete CivilizationType="CIVILIZATION_CARTHAGE" SpyName="TXT_KEY_SPY_NAME_CARTHAGE_0"/>
		<Delete CivilizationType="CIVILIZATION_CARTHAGE" SpyName="TXT_KEY_SPY_NAME_CARTHAGE_1"/>
		<Delete CivilizationType="CIVILIZATION_CARTHAGE" SpyName="TXT_KEY_SPY_NAME_CARTHAGE_2"/>
		<Delete CivilizationType="CIVILIZATION_CARTHAGE" SpyName="TXT_KEY_SPY_NAME_CARTHAGE_3"/>
		<Delete CivilizationType="CIVILIZATION_CARTHAGE" SpyName="TXT_KEY_SPY_NAME_CARTHAGE_4"/>
		<Delete CivilizationType="CIVILIZATION_CARTHAGE" SpyName="TXT_KEY_SPY_NAME_CARTHAGE_5"/>
		<Delete CivilizationType="CIVILIZATION_CARTHAGE" SpyName="TXT_KEY_SPY_NAME_CARTHAGE_6"/>
		<Delete CivilizationType="CIVILIZATION_CARTHAGE" SpyName="TXT_KEY_SPY_NAME_CARTHAGE_7"/>
		<Delete CivilizationType="CIVILIZATION_CARTHAGE" SpyName="TXT_KEY_SPY_NAME_CARTHAGE_8"/>
		<Delete CivilizationType="CIVILIZATION_CARTHAGE" SpyName="TXT_KEY_SPY_NAME_CARTHAGE_9"/>

		<Row>
			<CivilizationType>CIVILIZATION_CARTHAGE</CivilizationType>
			<SpyName>TXT_KEY_SPY_NAME_UNIVERSAL_0</SpyName>
		</Row>
		<Row>
			<CivilizationType>CIVILIZATION_CARTHAGE</CivilizationType>
			<SpyName>TXT_KEY_SPY_NAME_UNIVERSAL_1</SpyName>
		</Row>
		<Row>
			<CivilizationType>CIVILIZATION_CARTHAGE</CivilizationType>
			<SpyName>TXT_KEY_SPY_NAME_UNIVERSAL_2</SpyName>
		</Row>
		<Row>
			<CivilizationType>CIVILIZATION_CARTHAGE</CivilizationType>
			<SpyName>TXT_KEY_SPY_NAME_UNIVERSAL_3</SpyName>
		</Row>
		<Row>
			<CivilizationType>CIVILIZATION_CARTHAGE</CivilizationType>
			<SpyName>TXT_KEY_SPY_NAME_UNIVERSAL_4</SpyName>
		</Row>
		<Row>
			<CivilizationType>CIVILIZATION_CARTHAGE</CivilizationType>
			<SpyName>TXT_KEY_SPY_NAME_UNIVERSAL_5</SpyName>
		</Row>
		<Row>
			<CivilizationType>CIVILIZATION_CARTHAGE</CivilizationType>
			<SpyName>TXT_KEY_SPY_NAME_UNIVERSAL_6</SpyName>
		</Row>
		<Row>
			<CivilizationType>CIVILIZATION_CARTHAGE</CivilizationType>
			<SpyName>TXT_KEY_SPY_NAME_UNIVERSAL_7</SpyName>
		</Row>
	</Civilization_SpyNames>
	
	<Civilization_Start_Region_Priority>
		<Row>
			<CivilizationType>CIVILIZATION_CARTHAGE</CivilizationType>
			<RegionType>REGION_HILLS</RegionType>
		</Row>
    </Civilization_Start_Region_Priority>
	
	<Civilization_UnitClassOverrides>
		<Delete CivilizationType="CIVILIZATION_CARTHAGE" UnitType="UNIT_CARTHAGINIAN_FOREST_ELEPHANT"/>
		<Delete CivilizationType="CIVILIZATION_CARTHAGE" UnitType="UNIT_CARTHAGINIAN_QUINQUEREME"/>
		<Row>
			<CivilizationType>CIVILIZATION_CARTHAGE</CivilizationType>
			<UnitClassType>UNITCLASS_PIKEMAN</UnitClassType>
			<UnitType>UNIT_VALEMAN</UnitType>
		</Row>
		<Row>
			<CivilizationType>CIVILIZATION_CARTHAGE</CivilizationType>
			<UnitClassType>UNITCLASS_SPEARMAN</UnitClassType>
			<UnitType>UNIT_MOUNTAIN_CLAN</UnitType>
		</Row>
	</Civilization_UnitClassOverrides>
	<Civilization_BuildingClassOverrides>
		<Row>
			<CivilizationType>CIVILIZATION_CARTHAGE</CivilizationType>
			<BuildingClassType>BUILDINGCLASS_CASTLE</BuildingClassType>
			<BuildingType>BUILDING_EYRIE</BuildingType>
		</Row>
	</Civilization_BuildingClassOverrides>
</GameData>