<?xml version="1.0" encoding="utf-8"?>
<!-- Created by ModBuddy on 10/21/2012 12:21:04 AM -->
<GameData>
	<Civilizations>
		<Update>
			<Where Type="CIVILIZATION_AMERICA"/>
			<Set Description="TXT_KEY_CIV_BARATHEON_DESC" ShortDescription="TXT_KEY_CIV_BARATHEON_SHORT_DESC" Adjective="TXT_KEY_CIV_BARATHEON_ADJECTIVE" Civilopedia="TXT_KEY_CIV_BARATHEON_PEDIA" CivilopediaTag="TXT_KEY_CIV5_BARATHEON" DefaultPlayerColor="PLAYERCOLOR_BARATHEON" ArtDefineTag="ART_DEF_CIVILIZATION_ENGLAND" ArtStyleType="ARTSTYLE_EUROPEAN" ArtStyleSuffix="_EURO" ArtStylePrefix="EUROPEAN " PortraitIndex="4" IconAtlas="ACIV_COLOR_ATLAS_LEGENDS" AlphaIconAtlas="ACIV_ALPHA_ATLAS_LEGENDS" MapImage="MapStormsEnd.dds" DawnOfManQuote="TXT_KEY_CIV5_DAWN_BARATHEON_TEXT" DawnOfManImage="DOM_Renly1.dds" DawnOfManAudio="NULL" SoundtrackTag="Sweden"/>
		</Update>
		<!-- PortraitIndex="0" IconAtlas="CIV_COLOR_ATLAS_BARATHEON" -->
	</Civilizations>
	<Civilization_CityNames>
		<Delete CivilizationType="CIVILIZATION_AMERICA" CityName="TXT_KEY_CITY_NAME_WASHINGTON"/>
		<Delete CivilizationType="CIVILIZATION_AMERICA" CityName="TXT_KEY_CITY_NAME_NEW_YORK"/>
		<Delete CivilizationType="CIVILIZATION_AMERICA" CityName="TXT_KEY_CITY_NAME_BOSTON"/>
		<Delete CivilizationType="CIVILIZATION_AMERICA" CityName="TXT_KEY_CITY_NAME_PHILADELPHIA"/>
		<Delete CivilizationType="CIVILIZATION_AMERICA" CityName="TXT_KEY_CITY_NAME_ATLANTA"/>
		<Delete CivilizationType="CIVILIZATION_AMERICA" CityName="TXT_KEY_CITY_NAME_CHICAGO"/>
		<Delete CivilizationType="CIVILIZATION_AMERICA" CityName="TXT_KEY_CITY_NAME_SEATTLE"/>
		<Delete CivilizationType="CIVILIZATION_AMERICA" CityName="TXT_KEY_CITY_NAME_SAN_FRANCISCO"/>
		<Delete CivilizationType="CIVILIZATION_AMERICA" CityName="TXT_KEY_CITY_NAME_LOS_ANGELES"/>
		<Delete CivilizationType="CIVILIZATION_AMERICA" CityName="TXT_KEY_CITY_NAME_HOUSTON"/>
		<Delete CivilizationType="CIVILIZATION_AMERICA" CityName="TXT_KEY_CITY_NAME_PORTLAND"/>
		<Delete CivilizationType="CIVILIZATION_AMERICA" CityName="TXT_KEY_CITY_NAME_ST_LOUIS"/>
		<Delete CivilizationType="CIVILIZATION_AMERICA" CityName="TXT_KEY_CITY_NAME_MIAMI"/>
		<Delete CivilizationType="CIVILIZATION_AMERICA" CityName="TXT_KEY_CITY_NAME_BUFFALO"/>
		<Delete CivilizationType="CIVILIZATION_AMERICA" CityName="TXT_KEY_CITY_NAME_DETROIT"/>
		<Delete CivilizationType="CIVILIZATION_AMERICA" CityName="TXT_KEY_CITY_NAME_NEW_ORLEANS"/>
		<Delete CivilizationType="CIVILIZATION_AMERICA" CityName="TXT_KEY_CITY_NAME_BALTIMORE"/>
		<Delete CivilizationType="CIVILIZATION_AMERICA" CityName="TXT_KEY_CITY_NAME_DENVER"/>
		<Delete CivilizationType="CIVILIZATION_AMERICA" CityName="TXT_KEY_CITY_NAME_CINCINNATI"/>
		<Delete CivilizationType="CIVILIZATION_AMERICA" CityName="TXT_KEY_CITY_NAME_DALLAS"/>
		<Delete CivilizationType="CIVILIZATION_AMERICA" CityName="TXT_KEY_CITY_NAME_MEMPHIS"/>
		<Delete CivilizationType="CIVILIZATION_AMERICA" CityName="TXT_KEY_CITY_NAME_CLEVELAN"/>
		<Delete CivilizationType="CIVILIZATION_AMERICA" CityName="TXT_KEY_CITY_NAME_KANSAS_CITY"/>
		<Delete CivilizationType="CIVILIZATION_AMERICA" CityName="TXT_KEY_CITY_NAME_SAN_DIEGO"/>
		<Delete CivilizationType="CIVILIZATION_AMERICA" CityName="TXT_KEY_CITY_NAME_RICHMOND"/>
		<Delete CivilizationType="CIVILIZATION_AMERICA" CityName="TXT_KEY_CITY_NAME_LAS_VEGAS"/>
		<Delete CivilizationType="CIVILIZATION_AMERICA" CityName="TXT_KEY_CITY_NAME_PHOENIX"/>
		<Delete CivilizationType="CIVILIZATION_AMERICA" CityName="TXT_KEY_CITY_NAME_ALBUQUERQUE"/>
		<Delete CivilizationType="CIVILIZATION_AMERICA" CityName="TXT_KEY_CITY_NAME_MINNEAPOLIS"/>
		<Delete CivilizationType="CIVILIZATION_AMERICA" CityName="TXT_KEY_CITY_NAME_PITTSBURGH"/>
		<Delete CivilizationType="CIVILIZATION_AMERICA" CityName="TXT_KEY_CITY_NAME_OAKLAND"/>
		<Delete CivilizationType="CIVILIZATION_AMERICA" CityName="TXT_KEY_CITY_NAME_TAMPA_BAY"/>
		<Delete CivilizationType="CIVILIZATION_AMERICA" CityName="TXT_KEY_CITY_NAME_ORLANDO"/>
		<Delete CivilizationType="CIVILIZATION_AMERICA" CityName="TXT_KEY_CITY_NAME_TACOMA"/>
		<Delete CivilizationType="CIVILIZATION_AMERICA" CityName="TXT_KEY_CITY_NAME_SANTA_FE"/>
		<Delete CivilizationType="CIVILIZATION_AMERICA" CityName="TXT_KEY_CITY_NAME_OLYMPIA"/>
		<Delete CivilizationType="CIVILIZATION_AMERICA" CityName="TXT_KEY_CITY_NAME_HUNT_VALLEY"/>
		<Delete CivilizationType="CIVILIZATION_AMERICA" CityName="TXT_KEY_CITY_NAME_SPRINGFIELD"/>
		<Delete CivilizationType="CIVILIZATION_AMERICA" CityName="TXT_KEY_CITY_NAME_PALO_ALTO"/>
		<Delete CivilizationType="CIVILIZATION_AMERICA" CityName="TXT_KEY_CITY_NAME_CENTRALIA"/>
		<Delete CivilizationType="CIVILIZATION_AMERICA" CityName="TXT_KEY_CITY_NAME_SPOKANE"/>
		<Delete CivilizationType="CIVILIZATION_AMERICA" CityName="TXT_KEY_CITY_NAME_JACKSONVILLE"/>
		<Delete CivilizationType="CIVILIZATION_AMERICA" CityName="TXT_KEY_CITY_NAME_SAVANNAH"/>
		<Delete CivilizationType="CIVILIZATION_AMERICA" CityName="TXT_KEY_CITY_NAME_CHARLESTON"/>
		<Delete CivilizationType="CIVILIZATION_AMERICA" CityName="TXT_KEY_CITY_NAME_SAN_ANTONIO"/>
		<Delete CivilizationType="CIVILIZATION_AMERICA" CityName="TXT_KEY_CITY_NAME_OMAHA"/>
		<Delete CivilizationType="CIVILIZATION_AMERICA" CityName="TXT_KEY_CITY_NAME_BIRMINGHAM"/>
		<Delete CivilizationType="CIVILIZATION_AMERICA" CityName="TXT_KEY_CITY_NAME_HONOLULU"/>
		<Delete CivilizationType="CIVILIZATION_AMERICA" CityName="TXT_KEY_CITY_NAME_ANCHORAGE"/>
		<Delete CivilizationType="CIVILIZATION_AMERICA" CityName="TXT_KEY_CITY_NAME_SACRAMENTO"/>
		<Delete CivilizationType="CIVILIZATION_AMERICA" CityName="TXT_KEY_CITY_NAME_SALT_LAKE_CITY"/>
		<Delete CivilizationType="CIVILIZATION_AMERICA" CityName="TXT_KEY_CITY_NAME_RENO"/>
		<Delete CivilizationType="CIVILIZATION_AMERICA" CityName="TXT_KEY_CITY_NAME_BOISE"/>
		<Delete CivilizationType="CIVILIZATION_AMERICA" CityName="TXT_KEY_CITY_NAME_MILWAUKEE"/>
		<Delete CivilizationType="CIVILIZATION_AMERICA" CityName="TXT_KEY_CITY_NAME_SANTA_CRUZ"/>
		<Delete CivilizationType="CIVILIZATION_AMERICA" CityName="TXT_KEY_CITY_NAME_MONTEREY"/>
		<Delete CivilizationType="CIVILIZATION_AMERICA" CityName="TXT_KEY_CITY_NAME_SANTA_MONICA"/>
		<Delete CivilizationType="CIVILIZATION_AMERICA" CityName="TXT_KEY_CITY_NAME_LITTLE_ROCK"/>
		<Delete CivilizationType="CIVILIZATION_AMERICA" CityName="TXT_KEY_CITY_NAME_COLUMBUS"/>
		<Delete CivilizationType="CIVILIZATION_AMERICA" CityName="TXT_KEY_CITY_NAME_LE_BAM"/>
		
		<Row>
			<CivilizationType>CIVILIZATION_AMERICA</CivilizationType>
			<CityName>TXT_KEY_CITY_NAME_STORMS_END</CityName>
		</Row>
		<Row>
			<CivilizationType>CIVILIZATION_AMERICA</CivilizationType>
			<CityName>TXT_KEY_CITY_NAME_STORMS_END2</CityName>
		</Row>
		<Row>
			<CivilizationType>CIVILIZATION_AMERICA</CivilizationType>
			<CityName>TXT_KEY_CITY_NAME_STORMS_END3</CityName>
		</Row>
		<Row>
			<CivilizationType>CIVILIZATION_AMERICA</CivilizationType>
			<CityName>TXT_KEY_CITY_NAME_STORMS_END4</CityName>
		</Row>
		<Row>
			<CivilizationType>CIVILIZATION_AMERICA</CivilizationType>
			<CityName>TXT_KEY_CITY_NAME_STORMS_END5</CityName>
		</Row>
		<Row>
			<CivilizationType>CIVILIZATION_AMERICA</CivilizationType>
			<CityName>TXT_KEY_CITY_NAME_STORMS_END6</CityName>
		</Row>
		<Row>
			<CivilizationType>CIVILIZATION_AMERICA</CivilizationType>
			<CityName>TXT_KEY_CITY_NAME_STORMS_END7</CityName>
		</Row>
		<Row>
			<CivilizationType>CIVILIZATION_AMERICA</CivilizationType>
			<CityName>TXT_KEY_CITY_NAME_STORMS_END8</CityName>
		</Row>
		<Row>
			<CivilizationType>CIVILIZATION_AMERICA</CivilizationType>
			<CityName>TXT_KEY_CITY_NAME_STORMS_END9</CityName>
		</Row>
		<Row>
			<CivilizationType>CIVILIZATION_AMERICA</CivilizationType>
			<CityName>TXT_KEY_CITY_NAME_STORMS_END10</CityName>
		</Row>
		<Row>
			<CivilizationType>CIVILIZATION_AMERICA</CivilizationType>
			<CityName>TXT_KEY_CITY_NAME_STORMS_END11</CityName>
		</Row>
	</Civilization_CityNames>

	<Civilization_Leaders>
		<Update>
			<Where CivilizationType="CIVILIZATION_AMERICA"/>
			<Set LeaderheadType="LEADER_RENLY"/>
		</Update>
	</Civilization_Leaders>
	<Civilization_Religions>
		<Update>
			<Where CivilizationType="CIVILIZATION_AMERICA"/>
			<Set ReligionType="RELIGION_SEVEN"/>
		</Update>
	</Civilization_Religions>
	<Civilization_SpyNames>
		<Delete CivilizationType="CIVILIZATION_AMERICA" SpyName="TXT_KEY_SPY_NAME_AMERICA_0"/>
		<Delete CivilizationType="CIVILIZATION_AMERICA" SpyName="TXT_KEY_SPY_NAME_AMERICA_1"/>
		<Delete CivilizationType="CIVILIZATION_AMERICA" SpyName="TXT_KEY_SPY_NAME_AMERICA_2"/>
		<Delete CivilizationType="CIVILIZATION_AMERICA" SpyName="TXT_KEY_SPY_NAME_AMERICA_3"/>
		<Delete CivilizationType="CIVILIZATION_AMERICA" SpyName="TXT_KEY_SPY_NAME_AMERICA_4"/>
		<Delete CivilizationType="CIVILIZATION_AMERICA" SpyName="TXT_KEY_SPY_NAME_AMERICA_5"/>
		<Delete CivilizationType="CIVILIZATION_AMERICA" SpyName="TXT_KEY_SPY_NAME_AMERICA_6"/>
		<Delete CivilizationType="CIVILIZATION_AMERICA" SpyName="TXT_KEY_SPY_NAME_AMERICA_7"/>
		<Delete CivilizationType="CIVILIZATION_AMERICA" SpyName="TXT_KEY_SPY_NAME_AMERICA_8"/>
		<Delete CivilizationType="CIVILIZATION_AMERICA" SpyName="TXT_KEY_SPY_NAME_AMERICA_9"/>
		
		<Row>
			<CivilizationType>CIVILIZATION_AMERICA</CivilizationType>
			<SpyName>TXT_KEY_SPY_NAME_UNIVERSAL_0</SpyName>
		</Row>
		<Row>
			<CivilizationType>CIVILIZATION_AMERICA</CivilizationType>
			<SpyName>TXT_KEY_SPY_NAME_UNIVERSAL_1</SpyName>
		</Row>
		<Row>
			<CivilizationType>CIVILIZATION_AMERICA</CivilizationType>
			<SpyName>TXT_KEY_SPY_NAME_UNIVERSAL_2</SpyName>
		</Row>
		<Row>
			<CivilizationType>CIVILIZATION_AMERICA</CivilizationType>
			<SpyName>TXT_KEY_SPY_NAME_UNIVERSAL_3</SpyName>
		</Row>
		<Row>
			<CivilizationType>CIVILIZATION_AMERICA</CivilizationType>
			<SpyName>TXT_KEY_SPY_NAME_UNIVERSAL_4</SpyName>
		</Row>
		<Row>
			<CivilizationType>CIVILIZATION_AMERICA</CivilizationType>
			<SpyName>TXT_KEY_SPY_NAME_UNIVERSAL_5</SpyName>
		</Row>
		<Row>
			<CivilizationType>CIVILIZATION_AMERICA</CivilizationType>
			<SpyName>TXT_KEY_SPY_NAME_UNIVERSAL_6</SpyName>
		</Row>
		<Row>
			<CivilizationType>CIVILIZATION_AMERICA</CivilizationType>
			<SpyName>TXT_KEY_SPY_NAME_UNIVERSAL_7</SpyName>
		</Row>
	</Civilization_SpyNames>
	<Civilization_Start_Region_Priority>
		<Row>
			<CivilizationType>CIVILIZATION_AMERICA</CivilizationType>
			<RegionType>REGION_FOREST</RegionType>
		</Row>
	</Civilization_Start_Region_Priority>
	<Civilization_UnitClassOverrides>
		<Delete CivilizationType="CIVILIZATION_AMERICA" UnitType="UNIT_AMERICAN_B17"/>
		<Delete CivilizationType="CIVILIZATION_AMERICA" UnitType="UNIT_AMERICAN_MINUTEMAN"/>
		<Row>
			<CivilizationType>CIVILIZATION_AMERICA</CivilizationType>
			<UnitClassType>UNITCLASS_LONGSWORDSMAN</UnitClassType>
			<UnitType>UNIT_RAINBOW</UnitType>
		</Row>
	</Civilization_UnitClassOverrides>
	<Civilization_BuildingClassOverrides>
		<Row>
			<CivilizationType>CIVILIZATION_AMERICA</CivilizationType>
			<BuildingClassType>BUILDINGCLASS_CIRCUS</BuildingClassType>
			<BuildingType>BUILDING_TOURNAMENT</BuildingType>
		</Row>
		<Row>
			<CivilizationType>CIVILIZATION_AMERICA</CivilizationType>
			<BuildingClassType>BUILDINGCLASS_CASTLE</BuildingClassType>
			<BuildingType>BUILDING_STORMS_END</BuildingType>
		</Row>
	</Civilization_BuildingClassOverrides>
</GameData>