<?xml version="1.0" encoding="utf-8"?>
<!-- Created by ModBuddy on 1/27/2013 11:52:55 AM -->
<GameData>
	<Civilizations>
		<Update>
			<Where Type="CIVILIZATION_EGYPT"/>
			<Set Description="TXT_KEY_CIV_MARTELL_DESC" ShortDescription="TXT_KEY_CIV_MARTELL_SHORT_DESC" Adjective="TXT_KEY_CIV_MARTELL_ADJECTIVE" Civilopedia="TXT_KEY_CIV_MARTELL_PEDIA" CivilopediaTag="TXT_KEY_CIV5_MARTELL" DefaultPlayerColor="PLAYERCOLOR_SONGHAI" ArtDefineTag="ART_DEF_CIVILIZATION_PERSIA" ArtStyleType="ARTSTYLE_MIDDLE_EAST" ArtStyleSuffix="_AFRI" ArtStylePrefix="AFRICAN " PortraitIndex="7" IconAtlas="ACIV_COLOR_ATLAS_LEGENDS" AlphaIconAtlas="ACIV_ALPHA_ATLAS_LEGENDS" MapImage="MapSunspear.dds" DawnOfManQuote="TXT_KEY_CIV5_DAWN_MARTELL_TEXT" DawnOfManImage="DOM_Martell1.dds" DawnOfManAudio="NULL" SoundtrackTag="Persia"/>
		</Update>
		<!-- PortraitIndex="0" IconAtlas="CIV_COLOR_ATLAS_MARTELL" -->
	</Civilizations>
	<Civilization_CityNames>
		<Delete CivilizationType="CIVILIZATION_EGYPT" CityName="TXT_KEY_CITY_NAME_THEBES"/>
		<Delete CivilizationType="CIVILIZATION_EGYPT" CityName="TXT_KEY_CITY_NAME_MEMPHIS"/>
		<Delete CivilizationType="CIVILIZATION_EGYPT" CityName="TXT_KEY_CITY_NAME_HELIOPOLIS"/>
		<Delete CivilizationType="CIVILIZATION_EGYPT" CityName="TXT_KEY_CITY_NAME_ELEPHANTINE"/>
		<Delete CivilizationType="CIVILIZATION_EGYPT" CityName="TXT_KEY_CITY_NAME_ALEXANDRIA"/>
		<Delete CivilizationType="CIVILIZATION_EGYPT" CityName="TXT_KEY_CITY_NAME_PIRAMESSES"/>
		<Delete CivilizationType="CIVILIZATION_EGYPT" CityName="TXT_KEY_CITY_NAME_GIZA"/>
		<Delete CivilizationType="CIVILIZATION_EGYPT" CityName="TXT_KEY_CITY_NAME_BYBLOS"/>
		<Delete CivilizationType="CIVILIZATION_EGYPT" CityName="TXT_KEY_CITY_NAME_AKHETATEN"/>
		<Delete CivilizationType="CIVILIZATION_EGYPT" CityName="TXT_KEY_CITY_NAME_HIERACONPOLIS"/>
		<Delete CivilizationType="CIVILIZATION_EGYPT" CityName="TXT_KEY_CITY_NAME_ABYDOS"/>
		<Delete CivilizationType="CIVILIZATION_EGYPT" CityName="TXT_KEY_CITY_NAME_ASYUT"/>
		<Delete CivilizationType="CIVILIZATION_EGYPT" CityName="TXT_KEY_CITY_NAME_AVARIS"/>
		<Delete CivilizationType="CIVILIZATION_EGYPT" CityName="TXT_KEY_CITY_NAME_LISHT"/>
		<Delete CivilizationType="CIVILIZATION_EGYPT" CityName="TXT_KEY_CITY_NAME_BUTO"/>
		<Delete CivilizationType="CIVILIZATION_EGYPT" CityName="TXT_KEY_CITY_NAME_EDFU"/>
		<Delete CivilizationType="CIVILIZATION_EGYPT" CityName="TXT_KEY_CITY_NAME_PITHOM"/>
		<Delete CivilizationType="CIVILIZATION_EGYPT" CityName="TXT_KEY_CITY_NAME_BUSIRIS"/>
		<Delete CivilizationType="CIVILIZATION_EGYPT" CityName="TXT_KEY_CITY_NAME_KAHUN"/>
		<Delete CivilizationType="CIVILIZATION_EGYPT" CityName="TXT_KEY_CITY_NAME_ATHRIBIS"/>
		<Delete CivilizationType="CIVILIZATION_EGYPT" CityName="TXT_KEY_CITY_NAME_MENDES"/>
		<Delete CivilizationType="CIVILIZATION_EGYPT" CityName="TXT_KEY_CITY_NAME_ELASHMUNEIN"/>
		<Delete CivilizationType="CIVILIZATION_EGYPT" CityName="TXT_KEY_CITY_NAME_TANIS"/>
		<Delete CivilizationType="CIVILIZATION_EGYPT" CityName="TXT_KEY_CITY_NAME_BUBASTIS"/>
		<Delete CivilizationType="CIVILIZATION_EGYPT" CityName="TXT_KEY_CITY_NAME_THIS"/>
		<Delete CivilizationType="CIVILIZATION_EGYPT" CityName="TXT_KEY_CITY_NAME_ORYX"/>
		<Delete CivilizationType="CIVILIZATION_EGYPT" CityName="TXT_KEY_CITY_NAME_SEBENNYTUS"/>
		<Delete CivilizationType="CIVILIZATION_EGYPT" CityName="TXT_KEY_CITY_NAME_AKHMIN"/>
		<Delete CivilizationType="CIVILIZATION_EGYPT" CityName="TXT_KEY_CITY_NAME_KARNAK"/>
		<Delete CivilizationType="CIVILIZATION_EGYPT" CityName="TXT_KEY_CITY_NAME_LUXOR"/>
		<Delete CivilizationType="CIVILIZATION_EGYPT" CityName="TXT_KEY_CITY_NAME_ELKAB"/>
		<Delete CivilizationType="CIVILIZATION_EGYPT" CityName="TXT_KEY_CITY_NAME_ARMANT"/>
		<Delete CivilizationType="CIVILIZATION_EGYPT" CityName="TXT_KEY_CITY_NAME_BALAT"/>
		<Delete CivilizationType="CIVILIZATION_EGYPT" CityName="TXT_KEY_CITY_NAME_ELLAHUN"/>
		<Delete CivilizationType="CIVILIZATION_EGYPT" CityName="TXT_KEY_CITY_NAME_GHURAB"/>
		<Delete CivilizationType="CIVILIZATION_EGYPT" CityName="TXT_KEY_CITY_NAME_HAWARA"/>
		<Delete CivilizationType="CIVILIZATION_EGYPT" CityName="TXT_KEY_CITY_NAME_DASHUR"/>
		<Delete CivilizationType="CIVILIZATION_EGYPT" CityName="TXT_KEY_CITY_NAME_RAQOTE"/>
		<Delete CivilizationType="CIVILIZATION_EGYPT" CityName="TXT_KEY_CITY_NAME_DAMANHUR"/>
		<Delete CivilizationType="CIVILIZATION_EGYPT" CityName="TXT_KEY_CITY_NAME_MERIMDE"/>
		<Delete CivilizationType="CIVILIZATION_EGYPT" CityName="TXT_KEY_CITY_NAME_ABUSIR"/>
		<Delete CivilizationType="CIVILIZATION_EGYPT" CityName="TXT_KEY_CITY_NAME_HERAKLEOPOLIS"/>
		<Delete CivilizationType="CIVILIZATION_EGYPT" CityName="TXT_KEY_CITY_NAME_AKORIS"/>
		<Delete CivilizationType="CIVILIZATION_EGYPT" CityName="TXT_KEY_CITY_NAME_BENIHASAN"/>
		<Delete CivilizationType="CIVILIZATION_EGYPT" CityName="TXT_KEY_CITY_NAME_TASA"/>
		<Delete CivilizationType="CIVILIZATION_EGYPT" CityName="TXT_KEY_CITY_NAME_BADARI"/>
		<Delete CivilizationType="CIVILIZATION_EGYPT" CityName="TXT_KEY_CITY_NAME_HERMOPOLIS"/>
		<Delete CivilizationType="CIVILIZATION_EGYPT" CityName="TXT_KEY_CITY_NAME_AMRAH"/>
		<Delete CivilizationType="CIVILIZATION_EGYPT" CityName="TXT_KEY_CITY_NAME_NEGADE"/>
		<Delete CivilizationType="CIVILIZATION_EGYPT" CityName="TXT_KEY_CITY_NAME_KOPTOS"/>
		<Delete CivilizationType="CIVILIZATION_EGYPT" CityName="TXT_KEY_CITY_NAME_HERMONTHIS"/>
		<Delete CivilizationType="CIVILIZATION_EGYPT" CityName="TXT_KEY_CITY_NAME_OMBOS"/>
		<Delete CivilizationType="CIVILIZATION_EGYPT" CityName="TXT_KEY_CITY_NAME_ANIBA"/>
		<Delete CivilizationType="CIVILIZATION_EGYPT" CityName="TXT_KEY_CITY_NAME_SOLEB"/>
		<Delete CivilizationType="CIVILIZATION_EGYPT" CityName="TXT_KEY_CITY_NAME_SEMNA"/>
		<Delete CivilizationType="CIVILIZATION_EGYPT" CityName="TXT_KEY_CITY_NAME_AMARA"/>
		
		<Row>
			<CivilizationType>CIVILIZATION_EGYPT</CivilizationType>
			<CityName>TXT_KEY_CITY_NAME_SUNSPEAR</CityName>
		</Row>
		<Row>
			<CivilizationType>CIVILIZATION_EGYPT</CivilizationType>
			<CityName>TXT_KEY_CITY_NAME_SUNSPEAR2</CityName>
		</Row>
		<Row>
			<CivilizationType>CIVILIZATION_EGYPT</CivilizationType>
			<CityName>TXT_KEY_CITY_NAME_SUNSPEAR3</CityName>
		</Row>
		<Row>
			<CivilizationType>CIVILIZATION_EGYPT</CivilizationType>
			<CityName>TXT_KEY_CITY_NAME_SUNSPEAR4</CityName>
		</Row>
		<Row>
			<CivilizationType>CIVILIZATION_EGYPT</CivilizationType>
			<CityName>TXT_KEY_CITY_NAME_SUNSPEAR5</CityName>
		</Row>
		<Row>
			<CivilizationType>CIVILIZATION_EGYPT</CivilizationType>
			<CityName>TXT_KEY_CITY_NAME_SUNSPEAR6</CityName>
		</Row>
		<Row>
			<CivilizationType>CIVILIZATION_EGYPT</CivilizationType>
			<CityName>TXT_KEY_CITY_NAME_SUNSPEAR7</CityName>
		</Row>
		<Row>
			<CivilizationType>CIVILIZATION_EGYPT</CivilizationType>
			<CityName>TXT_KEY_CITY_NAME_SUNSPEAR8</CityName>
		</Row>
		<Row>
			<CivilizationType>CIVILIZATION_EGYPT</CivilizationType>
			<CityName>TXT_KEY_CITY_NAME_SUNSPEAR9</CityName>
		</Row>
		<Row>
			<CivilizationType>CIVILIZATION_EGYPT</CivilizationType>
			<CityName>TXT_KEY_CITY_NAME_SUNSPEAR10</CityName>
		</Row>
		<Row>
			<CivilizationType>CIVILIZATION_EGYPT</CivilizationType>
			<CityName>TXT_KEY_CITY_NAME_SUNSPEAR11</CityName>
		</Row>
		<Row>
			<CivilizationType>CIVILIZATION_EGYPT</CivilizationType>
			<CityName>TXT_KEY_CITY_NAME_SUNSPEAR12</CityName>
		</Row>
		<Row>
			<CivilizationType>CIVILIZATION_EGYPT</CivilizationType>
			<CityName>TXT_KEY_CITY_NAME_SUNSPEAR13</CityName>
		</Row>
		<Row>
			<CivilizationType>CIVILIZATION_EGYPT</CivilizationType>
			<CityName>TXT_KEY_CITY_NAME_SUNSPEAR14</CityName>
		</Row>
	</Civilization_CityNames>

	<Civilization_Leaders>
		<Update>
			<Where CivilizationType="CIVILIZATION_EGYPT"/>
			<Set LeaderheadType="LEADER_DORAN"/>
		</Update>
	</Civilization_Leaders>
	<Civilization_Religions>
		<Update>
			<Where CivilizationType="CIVILIZATION_EGYPT"/>
			<Set ReligionType="RELIGION_SEVEN"/>
		</Update>
	</Civilization_Religions>
	<Civilization_SpyNames>
		<Delete CivilizationType="CIVILIZATION_EGYPT" SpyName="TXT_KEY_SPY_NAME_EGYPT_0"/>
		<Delete CivilizationType="CIVILIZATION_EGYPT" SpyName="TXT_KEY_SPY_NAME_EGYPT_1"/>
		<Delete CivilizationType="CIVILIZATION_EGYPT" SpyName="TXT_KEY_SPY_NAME_EGYPT_2"/>
		<Delete CivilizationType="CIVILIZATION_EGYPT" SpyName="TXT_KEY_SPY_NAME_EGYPT_3"/>
		<Delete CivilizationType="CIVILIZATION_EGYPT" SpyName="TXT_KEY_SPY_NAME_EGYPT_4"/>
		<Delete CivilizationType="CIVILIZATION_EGYPT" SpyName="TXT_KEY_SPY_NAME_EGYPT_5"/>
		<Delete CivilizationType="CIVILIZATION_EGYPT" SpyName="TXT_KEY_SPY_NAME_EGYPT_6"/>
		<Delete CivilizationType="CIVILIZATION_EGYPT" SpyName="TXT_KEY_SPY_NAME_EGYPT_7"/>
		<Delete CivilizationType="CIVILIZATION_EGYPT" SpyName="TXT_KEY_SPY_NAME_EGYPT_8"/>
		<Delete CivilizationType="CIVILIZATION_EGYPT" SpyName="TXT_KEY_SPY_NAME_EGYPT_9"/>
		
		<Row>
			<CivilizationType>CIVILIZATION_EGYPT</CivilizationType>
			<SpyName>TXT_KEY_SPY_NAME_UNIVERSAL_0</SpyName>
		</Row>
		<Row>
			<CivilizationType>CIVILIZATION_EGYPT</CivilizationType>
			<SpyName>TXT_KEY_SPY_NAME_UNIVERSAL_1</SpyName>
		</Row>
		<Row>
			<CivilizationType>CIVILIZATION_EGYPT</CivilizationType>
			<SpyName>TXT_KEY_SPY_NAME_UNIVERSAL_2</SpyName>
		</Row>
		<Row>
			<CivilizationType>CIVILIZATION_EGYPT</CivilizationType>
			<SpyName>TXT_KEY_SPY_NAME_UNIVERSAL_3</SpyName>
		</Row>
		<Row>
			<CivilizationType>CIVILIZATION_EGYPT</CivilizationType>
			<SpyName>TXT_KEY_SPY_NAME_UNIVERSAL_4</SpyName>
		</Row>
		<Row>
			<CivilizationType>CIVILIZATION_EGYPT</CivilizationType>
			<SpyName>TXT_KEY_SPY_NAME_UNIVERSAL_5</SpyName>
		</Row>
		<Row>
			<CivilizationType>CIVILIZATION_EGYPT</CivilizationType>
			<SpyName>TXT_KEY_SPY_NAME_UNIVERSAL_6</SpyName>
		</Row>
		<Row>
			<CivilizationType>CIVILIZATION_EGYPT</CivilizationType>
			<SpyName>TXT_KEY_SPY_NAME_UNIVERSAL_7</SpyName>
		</Row>
	</Civilization_SpyNames>
	<Civilization_Start_Region_Priority>
		<Row>
			<CivilizationType>CIVILIZATION_EGYPT</CivilizationType>
			<RegionType>REGION_DESERT</RegionType>
		</Row>
	</Civilization_Start_Region_Priority>
	<Civilization_Start_Region_Avoid>
		<Delete CivilizationType="CIVILIZATION_EGYPT" RegionType="REGION_JUNGLE"/>
		<Delete CivilizationType="CIVILIZATION_EGYPT" RegionType="REGION_FOREST"/>
	</Civilization_Start_Region_Avoid>
	<Civilization_UnitClassOverrides>
		<Delete CivilizationType="CIVILIZATION_EGYPT" UnitType="UNIT_EGYPTIAN_WARCHARIOT"/>
		<Row>
			<CivilizationType>CIVILIZATION_EGYPT</CivilizationType>
			<UnitClassType>UNITCLASS_CHARIOT_ARCHER</UnitClassType>
			<UnitType>UNIT_DCBOWMAN</UnitType>
		</Row>
		<Row>
			<CivilizationType>CIVILIZATION_EGYPT</CivilizationType>
			<UnitClassType>UNITCLASS_HORSEMAN</UnitClassType>
			<UnitType>UNIT_SAND_STEED</UnitType>
		</Row>
	</Civilization_UnitClassOverrides>
	<Civilization_BuildingClassOverrides>
		<Delete CivilizationType="CIVILIZATION_EGYPT" BuildingType="BUILDING_BURIAL_TOMB"/>
		<Row>
			<CivilizationType>CIVILIZATION_EGYPT</CivilizationType>
			<BuildingClassType>BUILDINGCLASS_SPACESHIP_FACTORY</BuildingClassType>
			<BuildingType>BUILDING_SPEAR_TOWER</BuildingType>
		</Row>
	</Civilization_BuildingClassOverrides>
</GameData>