<?xml version="1.0" encoding="utf-8"?>
<!-- Created by ModBuddy on 10/18/2012 7:23:13 PM -->
<GameData>
	<Civilizations>
		<Update>
			<Where Type="CIVILIZATION_ARABIA"/>
			<Set Description="TXT_KEY_CIV_DOTHRAKI_DESC" ShortDescription="TXT_KEY_CIV_DOTHRAKI_SHORT_DESC" Adjective="TXT_KEY_CIV_DOTHRAKI_ADJECTIVE" Civilopedia="TXT_KEY_CIV_DOTHRAKI_PEDIA" CivilopediaTag="TXT_KEY_CIV5_DOTHRAKI" DefaultPlayerColor="PLAYERCOLOR_DOTHRAKI" ArtDefineTag="ART_DEF_CIVILIZATION_PERSIA" ArtStyleType="ARTSTYLE_MIDDLE_EAST" ArtStyleSuffix="_AFRI" ArtStylePrefix="AFRICAN " PortraitIndex="1" IconAtlas="ACIV_COLOR_ATLAS_LEGENDS" AlphaIconAtlas="ACIV_ALPHA_ATLAS_LEGENDS" MapImage="MapDothrakiSea.dds" DawnOfManQuote="TXT_KEY_CIV5_DAWN_DOTHRAKI_TEXT" DawnOfManImage="DOM_Drogo1.dds" DawnOfManAudio="NULL" SoundtrackTag="Persia"/>
		</Update>
		<!-- PortraitIndex="0" IconAtlas="CIV_COLOR_ATLAS_DOTHRAKI" -->
	</Civilizations>
	<Civilization_CityNames>
		<Delete CivilizationType="CIVILIZATION_ARABIA" CityName="TXT_KEY_CITY_NAME_MECCA"/>
		<Delete CivilizationType="CIVILIZATION_ARABIA" CityName="TXT_KEY_CITY_NAME_MEDINA"/>
		<Delete CivilizationType="CIVILIZATION_ARABIA" CityName="TXT_KEY_CITY_NAME_DAMASCUS"/>
		<Delete CivilizationType="CIVILIZATION_ARABIA" CityName="TXT_KEY_CITY_NAME_BAGHDAD"/>
		<Delete CivilizationType="CIVILIZATION_ARABIA" CityName="TXT_KEY_CITY_NAME_NAJRAN"/>
		<Delete CivilizationType="CIVILIZATION_ARABIA" CityName="TXT_KEY_CITY_NAME_KUFAH"/>
		<Delete CivilizationType="CIVILIZATION_ARABIA" CityName="TXT_KEY_CITY_NAME_BASRA"/>
		<Delete CivilizationType="CIVILIZATION_ARABIA" CityName="TXT_KEY_CITY_NAME_KHURASAN"/>
		<Delete CivilizationType="CIVILIZATION_ARABIA" CityName="TXT_KEY_CITY_NAME_ANJAR"/>
		<Delete CivilizationType="CIVILIZATION_ARABIA" CityName="TXT_KEY_CITY_NAME_FUSTAT"/>
		<Delete CivilizationType="CIVILIZATION_ARABIA" CityName="TXT_KEY_CITY_NAME_ADEN"/>
		<Delete CivilizationType="CIVILIZATION_ARABIA" CityName="TXT_KEY_CITY_NAME_YAMAMA"/>
		<Delete CivilizationType="CIVILIZATION_ARABIA" CityName="TXT_KEY_CITY_NAME_MUSCAT"/>
		<Delete CivilizationType="CIVILIZATION_ARABIA" CityName="TXT_KEY_CITY_NAME_MANSURA"/>
		<Delete CivilizationType="CIVILIZATION_ARABIA" CityName="TXT_KEY_CITY_NAME_BUKHARA"/>
		<Delete CivilizationType="CIVILIZATION_ARABIA" CityName="TXT_KEY_CITY_NAME_FEZ"/>
		<Delete CivilizationType="CIVILIZATION_ARABIA" CityName="TXT_KEY_CITY_NAME_SHIRAZ"/>
		<Delete CivilizationType="CIVILIZATION_ARABIA" CityName="TXT_KEY_CITY_NAME_MERW"/>
		<Delete CivilizationType="CIVILIZATION_ARABIA" CityName="TXT_KEY_CITY_NAME_BALKH"/>
		<Delete CivilizationType="CIVILIZATION_ARABIA" CityName="TXT_KEY_CITY_NAME_MOSUL"/>
		<Delete CivilizationType="CIVILIZATION_ARABIA" CityName="TXT_KEY_CITY_NAME_AYDAB"/>
		<Delete CivilizationType="CIVILIZATION_ARABIA" CityName="TXT_KEY_CITY_NAME_BAYT_RAS"/>
		<Delete CivilizationType="CIVILIZATION_ARABIA" CityName="TXT_KEY_CITY_NAME_SUHAR"/>
		<Delete CivilizationType="CIVILIZATION_ARABIA" CityName="TXT_KEY_CITY_NAME_TAIF"/>
		<Delete CivilizationType="CIVILIZATION_ARABIA" CityName="TXT_KEY_CITY_NAME_HAMA"/>
		<Delete CivilizationType="CIVILIZATION_ARABIA" CityName="TXT_KEY_CITY_NAME_TABUK"/>
		<Delete CivilizationType="CIVILIZATION_ARABIA" CityName="TXT_KEY_CITY_NAME_SANAA"/>
		<Delete CivilizationType="CIVILIZATION_ARABIA" CityName="TXT_KEY_CITY_NAME_SHIHR"/>
		<Delete CivilizationType="CIVILIZATION_ARABIA" CityName="TXT_KEY_CITY_NAME_TRIPOLI"/>
		<Delete CivilizationType="CIVILIZATION_ARABIA" CityName="TXT_KEY_CITY_NAME_TUNIS"/>
		<Delete CivilizationType="CIVILIZATION_ARABIA" CityName="TXT_KEY_CITY_NAME_KAIROUAN"/>
		<Delete CivilizationType="CIVILIZATION_ARABIA" CityName="TXT_KEY_CITY_NAME_ALGIERS"/>
		<Delete CivilizationType="CIVILIZATION_ARABIA" CityName="TXT_KEY_CITY_NAME_ORAN"/>
		<Delete CivilizationType="CIVILIZATION_ARABIA" CityName="TXT_KEY_CITY_NAME_TANGIER"/>
		<Delete CivilizationType="CIVILIZATION_ARABIA" CityName="TXT_KEY_CITY_NAME_CASABLANCA"/>
		
		<Row>
			<CivilizationType>CIVILIZATION_ARABIA</CivilizationType>
			<CityName>TXT_KEY_CITY_NAME_VILLAGE</CityName>
		</Row>
		<Row>
			<CivilizationType>CIVILIZATION_ARABIA</CivilizationType>
			<CityName>TXT_KEY_CITY_NAME_VILLAGE2</CityName>
		</Row>
		<Row>
			<CivilizationType>CIVILIZATION_ARABIA</CivilizationType>
			<CityName>TXT_KEY_CITY_NAME_VILLAGE3</CityName>
		</Row>
		<Row>
			<CivilizationType>CIVILIZATION_ARABIA</CivilizationType>
			<CityName>TXT_KEY_CITY_NAME_VILLAGE4</CityName>
		</Row>
		<Row>
			<CivilizationType>CIVILIZATION_ARABIA</CivilizationType>
			<CityName>TXT_KEY_CITY_NAME_VILLAGE5</CityName>
		</Row>
		<Row>
			<CivilizationType>CIVILIZATION_ARABIA</CivilizationType>
			<CityName>TXT_KEY_CITY_NAME_VILLAGE6</CityName>
		</Row>
		<Row>
			<CivilizationType>CIVILIZATION_ARABIA</CivilizationType>
			<CityName>TXT_KEY_CITY_NAME_VILLAGE7</CityName>
		</Row>
		<Row>
			<CivilizationType>CIVILIZATION_ARABIA</CivilizationType>
			<CityName>TXT_KEY_CITY_NAME_VILLAGE8</CityName>
		</Row>
		<Row>
			<CivilizationType>CIVILIZATION_ARABIA</CivilizationType>
			<CityName>TXT_KEY_CITY_NAME_VILLAGE9</CityName>
		</Row>
		<Row>
			<CivilizationType>CIVILIZATION_ARABIA</CivilizationType>
			<CityName>TXT_KEY_CITY_NAME_VILLAGE10</CityName>
		</Row>
		<Row>
			<CivilizationType>CIVILIZATION_ARABIA</CivilizationType>
			<CityName>TXT_KEY_CITY_NAME_VILLAGE11</CityName>
		</Row>
		<Row>
			<CivilizationType>CIVILIZATION_ARABIA</CivilizationType>
			<CityName>TXT_KEY_CITY_NAME_VILLAGE12</CityName>
		</Row>
		<Row>
			<CivilizationType>CIVILIZATION_ARABIA</CivilizationType>
			<CityName>TXT_KEY_CITY_NAME_VILLAGE13</CityName>
		</Row>
		<Row>
			<CivilizationType>CIVILIZATION_ARABIA</CivilizationType>
			<CityName>TXT_KEY_CITY_NAME_VILLAGE14</CityName>
		</Row>
		<Row>
			<CivilizationType>CIVILIZATION_ARABIA</CivilizationType>
			<CityName>TXT_KEY_CITY_NAME_VILLAGE15</CityName>
		</Row>
		<Row>
			<CivilizationType>CIVILIZATION_ARABIA</CivilizationType>
			<CityName>TXT_KEY_CITY_NAME_VILLAGE16</CityName>
		</Row>
		<Row>
			<CivilizationType>CIVILIZATION_ARABIA</CivilizationType>
			<CityName>TXT_KEY_CITY_NAME_VILLAGE17</CityName>
		</Row>
	</Civilization_CityNames>

	<Civilization_Leaders>
		<Update>
			<Where CivilizationType="CIVILIZATION_ARABIA"/>
			<Set LeaderheadType="LEADER_DROGO"/>
		</Update>
	</Civilization_Leaders>
	<Civilization_Religions>
		<Update>
			<Where CivilizationType="CIVILIZATION_ARABIA"/>
			<Set ReligionType="RELIGION_GREAT_STALLION"/>
		</Update>
	</Civilization_Religions>
	<Civilization_SpyNames>
		<Delete CivilizationType="CIVILIZATION_ARABIA" SpyName="TXT_KEY_SPY_NAME_ARABIA_0"/>
		<Delete CivilizationType="CIVILIZATION_ARABIA" SpyName="TXT_KEY_SPY_NAME_ARABIA_1"/>
		<Delete CivilizationType="CIVILIZATION_ARABIA" SpyName="TXT_KEY_SPY_NAME_ARABIA_2"/>
		<Delete CivilizationType="CIVILIZATION_ARABIA" SpyName="TXT_KEY_SPY_NAME_ARABIA_3"/>
		<Delete CivilizationType="CIVILIZATION_ARABIA" SpyName="TXT_KEY_SPY_NAME_ARABIA_4"/>
		<Delete CivilizationType="CIVILIZATION_ARABIA" SpyName="TXT_KEY_SPY_NAME_ARABIA_5"/>
		<Delete CivilizationType="CIVILIZATION_ARABIA" SpyName="TXT_KEY_SPY_NAME_ARABIA_6"/>
		<Delete CivilizationType="CIVILIZATION_ARABIA" SpyName="TXT_KEY_SPY_NAME_ARABIA_7"/>
		<Delete CivilizationType="CIVILIZATION_ARABIA" SpyName="TXT_KEY_SPY_NAME_ARABIA_8"/>
		<Delete CivilizationType="CIVILIZATION_ARABIA" SpyName="TXT_KEY_SPY_NAME_ARABIA_9"/>
		
		<Row>
			<CivilizationType>CIVILIZATION_ARABIA</CivilizationType>
			<SpyName>TXT_KEY_SPY_NAME_UNIVERSAL_0</SpyName>
		</Row>
		<Row>
			<CivilizationType>CIVILIZATION_ARABIA</CivilizationType>
			<SpyName>TXT_KEY_SPY_NAME_UNIVERSAL_1</SpyName>
		</Row>
		<Row>
			<CivilizationType>CIVILIZATION_ARABIA</CivilizationType>
			<SpyName>TXT_KEY_SPY_NAME_UNIVERSAL_2</SpyName>
		</Row>
		<Row>
			<CivilizationType>CIVILIZATION_ARABIA</CivilizationType>
			<SpyName>TXT_KEY_SPY_NAME_UNIVERSAL_3</SpyName>
		</Row>
		<Row>
			<CivilizationType>CIVILIZATION_ARABIA</CivilizationType>
			<SpyName>TXT_KEY_SPY_NAME_UNIVERSAL_4</SpyName>
		</Row>
		<Row>
			<CivilizationType>CIVILIZATION_ARABIA</CivilizationType>
			<SpyName>TXT_KEY_SPY_NAME_UNIVERSAL_5</SpyName>
		</Row>
		<Row>
			<CivilizationType>CIVILIZATION_ARABIA</CivilizationType>
			<SpyName>TXT_KEY_SPY_NAME_UNIVERSAL_6</SpyName>
		</Row>
		<Row>
			<CivilizationType>CIVILIZATION_ARABIA</CivilizationType>
			<SpyName>TXT_KEY_SPY_NAME_UNIVERSAL_7</SpyName>
		</Row>
	</Civilization_SpyNames>
	<Civilization_Start_Region_Priority>
		<Update>
			<Where CivilizationType="CIVILIZATION_ARABIA"/>
			<Set RegionType="REGION_GRASS"/>
		</Update>
	</Civilization_Start_Region_Priority>
	<Civilization_UnitClassOverrides>
		<Delete CivilizationType="CIVILIZATION_ARABIA" UnitType="UNIT_ARABIAN_CAMELARCHER"/>
		
		<Row>
			<CivilizationType>CIVILIZATION_ARABIA</CivilizationType>
			<UnitClassType>UNITCLASS_KNIGHT</UnitClassType>
			<UnitType>UNIT_BLOOD_RIDER</UnitType>
		</Row>
		<Row>
			<CivilizationType>CIVILIZATION_ARABIA</CivilizationType>
			<UnitClassType>UNITCLASS_LONGSWORDSMAN</UnitClassType>
			<UnitType>UNIT_KHAS</UnitType>
		</Row>
	</Civilization_UnitClassOverrides>
	<Civilization_BuildingClassOverrides>
		<Delete CivilizationType="CIVILIZATION_ARABIA" BuildingType="BUILDING_BAZAAR"/>
		<Row>
			<CivilizationType>CIVILIZATION_ARABIA</CivilizationType>
			<BuildingClassType>BUILDINGCLASS_WALLS</BuildingClassType>
			<BuildingType>BUILDING_HORSE_GATE</BuildingType>
		</Row>
	</Civilization_BuildingClassOverrides>
</GameData>