<?xml version="1.0" encoding="utf-8"?>
<!-- Created by ModBuddy on 10/21/2012 12:21:04 AM -->
<GameData>
	<Civilizations>
		<Update>
			<Where Type="CIVILIZATION_FRANCE"/>
			<Set Description="TXT_KEY_CIV_TYRELL_DESC" ShortDescription="TXT_KEY_CIV_TYRELL_SHORT_DESC" Adjective="TXT_KEY_CIV_TYRELL_ADJECTIVE" Civilopedia="TXT_KEY_CIV_TYRELL_PEDIA" CivilopediaTag="TXT_KEY_CIV5_TYRELL" DefaultPlayerColor="PLAYERCOLOR_TYRELL" ArtDefineTag="ART_DEF_CIVILIZATION_ENGLAND" ArtStyleType="ARTSTYLE_EUROPEAN" ArtStyleSuffix="_EURO" ArtStylePrefix="EUROPEAN " PortraitIndex="11" IconAtlas="ACIV_COLOR_ATLAS_LEGENDS" AlphaIconAtlas="ACIV_ALPHA_ATLAS_LEGENDS" MapImage="MapHighgarden.dds" DawnOfManQuote="TXT_KEY_CIV5_DAWN_TYRELL_TEXT" DawnOfManImage="DOM_Olenna.dds" DawnOfManAudio="NULL" SoundtrackTag="Sweden"/>
		</Update>
		<!-- PortraitIndex="0" IconAtlas="CIV_COLOR_ATLAS_TYRELL" -->
	</Civilizations>
	<Civilization_CityNames>
		<Delete CivilizationType="CIVILIZATION_FRANCE" CityName="TXT_KEY_CITY_NAME_PARIS"/>
		<Delete CivilizationType="CIVILIZATION_FRANCE" CityName="TXT_KEY_CITY_NAME_ORLEANS"/>
		<Delete CivilizationType="CIVILIZATION_FRANCE" CityName="TXT_KEY_CITY_NAME_LYONS"/>
		<Delete CivilizationType="CIVILIZATION_FRANCE" CityName="TXT_KEY_CITY_NAME_RHEIMS"/>
		<Delete CivilizationType="CIVILIZATION_FRANCE" CityName="TXT_KEY_CITY_NAME_TOURS"/>
		<Delete CivilizationType="CIVILIZATION_FRANCE" CityName="TXT_KEY_CITY_NAME_MARSEILLES"/>
		<Delete CivilizationType="CIVILIZATION_FRANCE" CityName="TXT_KEY_CITY_NAME_CHARTRES"/>
		<Delete CivilizationType="CIVILIZATION_FRANCE" CityName="TXT_KEY_CITY_NAME_AVIGNON"/>
		<Delete CivilizationType="CIVILIZATION_FRANCE" CityName="TXT_KEY_CITY_NAME_ROUEN"/>
		<Delete CivilizationType="CIVILIZATION_FRANCE" CityName="TXT_KEY_CITY_NAME_GRENOBLE"/>
		<Delete CivilizationType="CIVILIZATION_FRANCE" CityName="TXT_KEY_CITY_NAME_DJION"/>
		<Delete CivilizationType="CIVILIZATION_FRANCE" CityName="TXT_KEY_CITY_NAME_AMIENS"/>
		<Delete CivilizationType="CIVILIZATION_FRANCE" CityName="TXT_KEY_CITY_NAME_CHERBOURG"/>
		<Delete CivilizationType="CIVILIZATION_FRANCE" CityName="TXT_KEY_CITY_NAME_POITIERS"/>
		<Delete CivilizationType="CIVILIZATION_FRANCE" CityName="TXT_KEY_CITY_NAME_TOULOUSE"/>
		<Delete CivilizationType="CIVILIZATION_FRANCE" CityName="TXT_KEY_CITY_NAME_BAYONNE"/>
		<Delete CivilizationType="CIVILIZATION_FRANCE" CityName="TXT_KEY_CITY_NAME_STRASBOURG"/>
		<Delete CivilizationType="CIVILIZATION_FRANCE" CityName="TXT_KEY_CITY_NAME_BREST"/>
		<Delete CivilizationType="CIVILIZATION_FRANCE" CityName="TXT_KEY_CITY_NAME_BORDEAUX"/>
		<Delete CivilizationType="CIVILIZATION_FRANCE" CityName="TXT_KEY_CITY_NAME_RENNES"/>
		<Delete CivilizationType="CIVILIZATION_FRANCE" CityName="TXT_KEY_CITY_NAME_NICE"/>
		<Delete CivilizationType="CIVILIZATION_FRANCE" CityName="TXT_KEY_CITY_NAME_SAINT_ETIENNE"/>
		<Delete CivilizationType="CIVILIZATION_FRANCE" CityName="TXT_KEY_CITY_NAME_NANTES"/>
		<Delete CivilizationType="CIVILIZATION_FRANCE" CityName="TXT_KEY_CITY_NAME_REIMS"/>
		<Delete CivilizationType="CIVILIZATION_FRANCE" CityName="TXT_KEY_CITY_NAME_LE_MANS"/>
		<Delete CivilizationType="CIVILIZATION_FRANCE" CityName="TXT_KEY_CITY_NAME_MONTPELLIER"/>
		<Delete CivilizationType="CIVILIZATION_FRANCE" CityName="TXT_KEY_CITY_NAME_LIMOGES"/>
		<Delete CivilizationType="CIVILIZATION_FRANCE" CityName="TXT_KEY_CITY_NAME_NANCY"/>
		<Delete CivilizationType="CIVILIZATION_FRANCE" CityName="TXT_KEY_CITY_NAME_LILLE"/>
		<Delete CivilizationType="CIVILIZATION_FRANCE" CityName="TXT_KEY_CITY_NAME_CAEN"/>
		<Delete CivilizationType="CIVILIZATION_FRANCE" CityName="TXT_KEY_CITY_NAME_TOULON"/>
		<Delete CivilizationType="CIVILIZATION_FRANCE" CityName="TXT_KEY_CITY_NAME_NIMES"/>
		<Delete CivilizationType="CIVILIZATION_FRANCE" CityName="TXT_KEY_CITY_NAME_LE_HAVRE"/>
		<Delete CivilizationType="CIVILIZATION_FRANCE" CityName="TXT_KEY_CITY_NAME_LOURDES"/>
		<Delete CivilizationType="CIVILIZATION_FRANCE" CityName="TXT_KEY_CITY_NAME_CARCASSONNE"/>
		<Delete CivilizationType="CIVILIZATION_FRANCE" CityName="TXT_KEY_CITY_NAME_CANNES"/>
		<Delete CivilizationType="CIVILIZATION_FRANCE" CityName="TXT_KEY_CITY_NAME_AIX_EN_PROVINCE"/>
		<Delete CivilizationType="CIVILIZATION_FRANCE" CityName="TXT_KEY_CITY_NAME_LA_ROCHELLE"/>
		<Delete CivilizationType="CIVILIZATION_FRANCE" CityName="TXT_KEY_CITY_NAME_BOURGES"/>
		<Delete CivilizationType="CIVILIZATION_FRANCE" CityName="TXT_KEY_CITY_NAME_CALAIS"/>
		<Row>
			<CivilizationType>CIVILIZATION_FRANCE</CivilizationType>
			<CityName>TXT_KEY_CITY_NAME_HIGHGARDEN</CityName>
		</Row>
		<Row>
			<CivilizationType>CIVILIZATION_FRANCE</CivilizationType>
			<CityName>TXT_KEY_CITY_NAME_HIGHGARDEN3</CityName>
		</Row>
		<Row>
			<CivilizationType>CIVILIZATION_FRANCE</CivilizationType>
			<CityName>TXT_KEY_CITY_NAME_HIGHGARDEN4</CityName>
		</Row>
		<Row>
			<CivilizationType>CIVILIZATION_FRANCE</CivilizationType>
			<CityName>TXT_KEY_CITY_NAME_HIGHGARDEN5</CityName>
		</Row>
		<Row>
			<CivilizationType>CIVILIZATION_FRANCE</CivilizationType>
			<CityName>TXT_KEY_CITY_NAME_HIGHGARDEN6</CityName>
		</Row>
		<Row>
			<CivilizationType>CIVILIZATION_FRANCE</CivilizationType>
			<CityName>TXT_KEY_CITY_NAME_HIGHGARDEN7</CityName>
		</Row>
		<Row>
			<CivilizationType>CIVILIZATION_FRANCE</CivilizationType>
			<CityName>TXT_KEY_CITY_NAME_HIGHGARDEN8</CityName>
		</Row>
		<Row>
			<CivilizationType>CIVILIZATION_FRANCE</CivilizationType>
			<CityName>TXT_KEY_CITY_NAME_HIGHGARDEN9</CityName>
		</Row>
		<Row>
			<CivilizationType>CIVILIZATION_FRANCE</CivilizationType>
			<CityName>TXT_KEY_CITY_NAME_HIGHGARDEN10</CityName>
		</Row>
		<Row>
			<CivilizationType>CIVILIZATION_FRANCE</CivilizationType>
			<CityName>TXT_KEY_CITY_NAME_HIGHGARDEN11</CityName>
		</Row>
	</Civilization_CityNames>

	<Civilization_Leaders>
		<Update>
			<Where CivilizationType="CIVILIZATION_FRANCE"/>
			<Set LeaderheadType="LEADER_MACE"/>
		</Update>
	</Civilization_Leaders>
	<Civilization_Religions>
		<Update>
			<Where CivilizationType="CIVILIZATION_FRANCE"/>
			<Set ReligionType="RELIGION_SEVEN"/>
		</Update>
	</Civilization_Religions>

	<Civilization_SpyNames>
		<Delete CivilizationType="CIVILIZATION_FRANCE" SpyName="TXT_KEY_SPY_NAME_FRANCE_0"/>
		<Delete CivilizationType="CIVILIZATION_FRANCE" SpyName="TXT_KEY_SPY_NAME_FRANCE_1"/>
		<Delete CivilizationType="CIVILIZATION_FRANCE" SpyName="TXT_KEY_SPY_NAME_FRANCE_2"/>
		<Delete CivilizationType="CIVILIZATION_FRANCE" SpyName="TXT_KEY_SPY_NAME_FRANCE_3"/>
		<Delete CivilizationType="CIVILIZATION_FRANCE" SpyName="TXT_KEY_SPY_NAME_FRANCE_4"/>
		<Delete CivilizationType="CIVILIZATION_FRANCE" SpyName="TXT_KEY_SPY_NAME_FRANCE_5"/>
		<Delete CivilizationType="CIVILIZATION_FRANCE" SpyName="TXT_KEY_SPY_NAME_FRANCE_6"/>
		<Delete CivilizationType="CIVILIZATION_FRANCE" SpyName="TXT_KEY_SPY_NAME_FRANCE_7"/>
		<Delete CivilizationType="CIVILIZATION_FRANCE" SpyName="TXT_KEY_SPY_NAME_FRANCE_8"/>
		<Delete CivilizationType="CIVILIZATION_FRANCE" SpyName="TXT_KEY_SPY_NAME_FRANCE_9"/>

		<Row>
			<CivilizationType>CIVILIZATION_FRANCE</CivilizationType>
			<SpyName>TXT_KEY_SPY_NAME_UNIVERSAL_0</SpyName>
		</Row>
		<Row>
			<CivilizationType>CIVILIZATION_FRANCE</CivilizationType>
			<SpyName>TXT_KEY_SPY_NAME_UNIVERSAL_1</SpyName>
		</Row>
		<Row>
			<CivilizationType>CIVILIZATION_FRANCE</CivilizationType>
			<SpyName>TXT_KEY_SPY_NAME_UNIVERSAL_2</SpyName>
		</Row>
		<Row>
			<CivilizationType>CIVILIZATION_FRANCE</CivilizationType>
			<SpyName>TXT_KEY_SPY_NAME_UNIVERSAL_3</SpyName>
		</Row>
		<Row>
			<CivilizationType>CIVILIZATION_FRANCE</CivilizationType>
			<SpyName>TXT_KEY_SPY_NAME_UNIVERSAL_4</SpyName>
		</Row>
		<Row>
			<CivilizationType>CIVILIZATION_FRANCE</CivilizationType>
			<SpyName>TXT_KEY_SPY_NAME_UNIVERSAL_5</SpyName>
		</Row>
		<Row>
			<CivilizationType>CIVILIZATION_FRANCE</CivilizationType>
			<SpyName>TXT_KEY_SPY_NAME_UNIVERSAL_6</SpyName>
		</Row>
		<Row>
			<CivilizationType>CIVILIZATION_FRANCE</CivilizationType>
			<SpyName>TXT_KEY_SPY_NAME_UNIVERSAL_7</SpyName>
		</Row>
	</Civilization_SpyNames>
	<Civilization_Start_Region_Priority>
		<Row>
			<CivilizationType>CIVILIZATION_FRANCE</CivilizationType>
			<RegionType>REGION_FOREST</RegionType>
		</Row>
	</Civilization_Start_Region_Priority>

	<Civilization_UnitClassOverrides>
		<Delete CivilizationType="CIVILIZATION_FRANCE" UnitType="UNIT_FRENCH_FOREIGNLEGION"/>
		<Delete CivilizationType="CIVILIZATION_FRANCE" UnitType="UNIT_FRENCH_MUSKETEER"/>
		<Row>
			<CivilizationType>CIVILIZATION_FRANCE</CivilizationType>
			<UnitClassType>UNITCLASS_GALLEASS</UnitClassType>
			<UnitType>UNIT_REDWYNE</UnitType>
		</Row>
		<Row>
			<CivilizationType>CIVILIZATION_FRANCE</CivilizationType>
			<UnitClassType>UNITCLASS_KNIGHT</UnitClassType>
			<UnitType>UNIT_TRUE_KNIGHT</UnitType>
		</Row>
	</Civilization_UnitClassOverrides>
	<Civilization_BuildingClassOverrides>
		<Row>
			<CivilizationType>CIVILIZATION_FRANCE</CivilizationType>
			<BuildingClassType>BUILDINGCLASS_GARDEN</BuildingClassType>
			<BuildingType>BUILDING_TYRELL_GARDEN</BuildingType>
		</Row>
	</Civilization_BuildingClassOverrides>
</GameData>