<?xml version="1.0" encoding="utf-8"?>
<!-- Created by ModBuddy on 1/27/2013 11:52:55 AM -->
<GameData>
	<Civilizations>
		<Update>
			<Where Type="CIVILIZATION_GREECE"/>
			<Set Description="TXT_KEY_CIV_TARGARYEN_DESC" ShortDescription="TXT_KEY_CIV_TARGARYEN_SHORT_DESC" Adjective="TXT_KEY_CIV_TARGARYEN_ADJECTIVE" Civilopedia="TXT_KEY_CIV_TARGARYEN_PEDIA" CivilopediaTag="TXT_KEY_CIV5_TARGARYEN" DefaultPlayerColor="PLAYERCOLOR_TARGARYEN" ArtDefineTag="ART_DEF_CIVILIZATION_PERSIA" ArtStyleType="ARTSTYLE_MIDDLE_EAST" ArtStyleSuffix="_AFRI" ArtStylePrefix="AFRICAN " PortraitIndex="9" IconAtlas="ACIV_COLOR_ATLAS_LEGENDS" AlphaIconAtlas="ACIV_ALPHA_ATLAS_LEGENDS" MapImage="MapValyria.dds" DawnOfManQuote="TXT_KEY_CIV5_DAWN_TARGARYEN_TEXT" DawnOfManImage="DOM_Daenerys1.dds" DawnOfManAudio="NULL" SoundtrackTag="Arabia"/>
		</Update>
		<!-- PortraitIndex="0" IconAtlas="CIV_COLOR_ATLAS_TARGARYEN" -->
	</Civilizations>
	<Civilization_CityNames>
		<Delete CivilizationType="CIVILIZATION_GREECE" CityName="TXT_KEY_CITY_NAME_ATHENS"/>
		<Delete CivilizationType="CIVILIZATION_GREECE" CityName="TXT_KEY_CITY_NAME_SPARTA"/>
		<Delete CivilizationType="CIVILIZATION_GREECE" CityName="TXT_KEY_CITY_NAME_CORINTH"/>
		<Delete CivilizationType="CIVILIZATION_GREECE" CityName="TXT_KEY_CITY_NAME_ARGOS"/>
		<Delete CivilizationType="CIVILIZATION_GREECE" CityName="TXT_KEY_CITY_NAME_KNOSSOS"/>
		<Delete CivilizationType="CIVILIZATION_GREECE" CityName="TXT_KEY_CITY_NAME_MYCENAE"/>
		<Delete CivilizationType="CIVILIZATION_GREECE" CityName="TXT_KEY_CITY_NAME_PHARSALOS"/>
		<Delete CivilizationType="CIVILIZATION_GREECE" CityName="TXT_KEY_CITY_NAME_EPHESUS"/>
		<Delete CivilizationType="CIVILIZATION_GREECE" CityName="TXT_KEY_CITY_NAME_HALICARNASSUS"/>
		<Delete CivilizationType="CIVILIZATION_GREECE" CityName="TXT_KEY_CITY_NAME_RHODES"/>
		<Delete CivilizationType="CIVILIZATION_GREECE" CityName="TXT_KEY_CITY_NAME_ERETRIA"/>
		<Delete CivilizationType="CIVILIZATION_GREECE" CityName="TXT_KEY_CITY_NAME_PERGAMON"/>
		<Delete CivilizationType="CIVILIZATION_GREECE" CityName="TXT_KEY_CITY_NAME_MILETOS"/>
		<Delete CivilizationType="CIVILIZATION_GREECE" CityName="TXT_KEY_CITY_NAME_MEGARA"/>
		<Delete CivilizationType="CIVILIZATION_GREECE" CityName="TXT_KEY_CITY_NAME_PHOCAEA"/>
		<Delete CivilizationType="CIVILIZATION_GREECE" CityName="TXT_KEY_CITY_NAME_SICYON"/>
		<Delete CivilizationType="CIVILIZATION_GREECE" CityName="TXT_KEY_CITY_NAME_TIRYNS"/>
		<Delete CivilizationType="CIVILIZATION_GREECE" CityName="TXT_KEY_CITY_NAME_SAMOS"/>
		<Delete CivilizationType="CIVILIZATION_GREECE" CityName="TXT_KEY_CITY_NAME_MYTILENE"/>
		<Delete CivilizationType="CIVILIZATION_GREECE" CityName="TXT_KEY_CITY_NAME_CHIOS"/>
		<Delete CivilizationType="CIVILIZATION_GREECE" CityName="TXT_KEY_CITY_NAME_PAROS"/>
		<Delete CivilizationType="CIVILIZATION_GREECE" CityName="TXT_KEY_CITY_NAME_TEGEA"/>
		<Delete CivilizationType="CIVILIZATION_GREECE" CityName="TXT_KEY_CITY_NAME_ELIS"/>
		<Delete CivilizationType="CIVILIZATION_GREECE" CityName="TXT_KEY_CITY_NAME_SYRACUSE"/>
		<Delete CivilizationType="CIVILIZATION_GREECE" CityName="TXT_KEY_CITY_NAME_HERAKLEIA"/>
		<Delete CivilizationType="CIVILIZATION_GREECE" CityName="TXT_KEY_CITY_NAME_GORTYN"/>
		<Delete CivilizationType="CIVILIZATION_GREECE" CityName="TXT_KEY_CITY_NAME_CHALKIS"/>
		<Delete CivilizationType="CIVILIZATION_GREECE" CityName="TXT_KEY_CITY_NAME_PYLOS"/>
		<Delete CivilizationType="CIVILIZATION_GREECE" CityName="TXT_KEY_CITY_NAME_PELLA"/>
		<Delete CivilizationType="CIVILIZATION_GREECE" CityName="TXT_KEY_CITY_NAME_NAXOS"/>
		<Delete CivilizationType="CIVILIZATION_GREECE" CityName="TXT_KEY_CITY_NAME_SICYON"/>
		<Delete CivilizationType="CIVILIZATION_GREECE" CityName="TXT_KEY_CITY_NAME_SMYRNA"/>
		<Delete CivilizationType="CIVILIZATION_GREECE" CityName="TXT_KEY_CITY_NAME_LARISSA"/>
		<Delete CivilizationType="CIVILIZATION_GREECE" CityName="TXT_KEY_CITY_NAME_APOLLONIA"/>
		<Delete CivilizationType="CIVILIZATION_GREECE" CityName="TXT_KEY_CITY_NAME_MESSENE"/>
		<Delete CivilizationType="CIVILIZATION_GREECE" CityName="TXT_KEY_CITY_NAME_ORCHOMENOS"/>
		<Delete CivilizationType="CIVILIZATION_GREECE" CityName="TXT_KEY_CITY_NAME_AMBRACIA"/>
		<Delete CivilizationType="CIVILIZATION_GREECE" CityName="TXT_KEY_CITY_NAME_KOS"/>
		<Delete CivilizationType="CIVILIZATION_GREECE" CityName="TXT_KEY_CITY_NAME_KNIDOS"/>
		<Delete CivilizationType="CIVILIZATION_GREECE" CityName="TXT_KEY_CITY_NAME_AMPHIPOLIS"/>
		<Delete CivilizationType="CIVILIZATION_GREECE" CityName="TXT_KEY_CITY_NAME_PATRAS"/>
		<Delete CivilizationType="CIVILIZATION_GREECE" CityName="TXT_KEY_CITY_NAME_LAMIA"/>
		<Delete CivilizationType="CIVILIZATION_GREECE" CityName="TXT_KEY_CITY_NAME_NAFPLION"/>
		<Delete CivilizationType="CIVILIZATION_GREECE" CityName="TXT_KEY_CITY_NAME_APOLYTON"/>
		
		<Row>
			<CivilizationType>CIVILIZATION_GREECE</CivilizationType>
			<CityName>TXT_KEY_CITY_NAME_VALYRIA</CityName>
		</Row>
		<Row>
			<CivilizationType>CIVILIZATION_GREECE</CivilizationType>
			<CityName>TXT_KEY_CITY_NAME_VALYRIA2</CityName>
		</Row>
		<Row>
			<CivilizationType>CIVILIZATION_GREECE</CivilizationType>
			<CityName>TXT_KEY_CITY_NAME_VALYRIA3</CityName>
		</Row>
		<Row>
			<CivilizationType>CIVILIZATION_GREECE</CivilizationType>
			<CityName>TXT_KEY_CITY_NAME_VALYRIA6</CityName>
		</Row>
		<Row>
			<CivilizationType>CIVILIZATION_GREECE</CivilizationType>
			<CityName>TXT_KEY_CITY_NAME_VALYRIA7</CityName>
		</Row>
		<Row>
			<CivilizationType>CIVILIZATION_GREECE</CivilizationType>
			<CityName>TXT_KEY_CITY_NAME_VALYRIA8</CityName>
		</Row>
		<Row>
			<CivilizationType>CIVILIZATION_GREECE</CivilizationType>
			<CityName>TXT_KEY_CITY_NAME_VALYRIA9</CityName>
		</Row>
		<Row>
			<CivilizationType>CIVILIZATION_GREECE</CivilizationType>
			<CityName>TXT_KEY_CITY_NAME_VALYRIA10</CityName>
		</Row>
		<Row>
			<CivilizationType>CIVILIZATION_GREECE</CivilizationType>
			<CityName>TXT_KEY_CITY_NAME_VALYRIA11</CityName>
		</Row>
		<Row>
			<CivilizationType>CIVILIZATION_GREECE</CivilizationType>
			<CityName>TXT_KEY_CITY_NAME_VALYRIA12</CityName>
		</Row>
		<Row>
			<CivilizationType>CIVILIZATION_GREECE</CivilizationType>
			<CityName>TXT_KEY_CITY_NAME_VALYRIA13</CityName>
		</Row>
		<Row>
			<CivilizationType>CIVILIZATION_GREECE</CivilizationType>
			<CityName>TXT_KEY_CITY_NAME_VALYRIA14</CityName>
		</Row>
		<Row>
			<CivilizationType>CIVILIZATION_GREECE</CivilizationType>
			<CityName>TXT_KEY_CITY_NAME_VALYRIA15</CityName>
		</Row>
		<Row>
			<CivilizationType>CIVILIZATION_GREECE</CivilizationType>
			<CityName>TXT_KEY_CITY_NAME_VALYRIA16</CityName>
		</Row>
		<Row>
			<CivilizationType>CIVILIZATION_GREECE</CivilizationType>
			<CityName>TXT_KEY_CITY_NAME_VALYRIA17</CityName>
		</Row>
		<Row>
			<CivilizationType>CIVILIZATION_GREECE</CivilizationType>
			<CityName>TXT_KEY_CITY_NAME_VALYRIA18</CityName>
		</Row>
		<Row>
			<CivilizationType>CIVILIZATION_GREECE</CivilizationType>
			<CityName>TXT_KEY_CITY_NAME_VALYRIA19</CityName>
		</Row>
	</Civilization_CityNames>
	<Civilization_FreeUnits>
		<Row>
			<CivilizationType>CIVILIZATION_GREECE</CivilizationType>
			<UnitClassType>UNITCLASS_SS_COCKPIT</UnitClassType>
			<Count>3</Count>
			<UnitAIType>UNITAI_DEFENSE</UnitAIType>
		</Row>
	</Civilization_FreeUnits>
	<Civilization_Leaders>
		<Update>
			<Where CivilizationType="CIVILIZATION_GREECE"/>
			<Set LeaderheadType="LEADER_DAENERYS"/>
		</Update>
	</Civilization_Leaders>
	<Civilization_Religions>
		<Update>
			<Where CivilizationType="CIVILIZATION_GREECE"/>
			<Set ReligionType="RELIGION_GREAT_STALLION"/>
		</Update>
	</Civilization_Religions>
	<Civilization_SpyNames>
		<Delete CivilizationType="CIVILIZATION_GREECE" SpyName="TXT_KEY_SPY_NAME_GREECE_0"/>
		<Delete CivilizationType="CIVILIZATION_GREECE" SpyName="TXT_KEY_SPY_NAME_GREECE_1"/>
		<Delete CivilizationType="CIVILIZATION_GREECE" SpyName="TXT_KEY_SPY_NAME_GREECE_2"/>
		<Delete CivilizationType="CIVILIZATION_GREECE" SpyName="TXT_KEY_SPY_NAME_GREECE_3"/>
		<Delete CivilizationType="CIVILIZATION_GREECE" SpyName="TXT_KEY_SPY_NAME_GREECE_4"/>
		<Delete CivilizationType="CIVILIZATION_GREECE" SpyName="TXT_KEY_SPY_NAME_GREECE_5"/>
		<Delete CivilizationType="CIVILIZATION_GREECE" SpyName="TXT_KEY_SPY_NAME_GREECE_6"/>
		<Delete CivilizationType="CIVILIZATION_GREECE" SpyName="TXT_KEY_SPY_NAME_GREECE_7"/>
		<Delete CivilizationType="CIVILIZATION_GREECE" SpyName="TXT_KEY_SPY_NAME_GREECE_8"/>
		<Delete CivilizationType="CIVILIZATION_GREECE" SpyName="TXT_KEY_SPY_NAME_GREECE_9"/>
		
		<Row>
			<CivilizationType>CIVILIZATION_GREECE</CivilizationType>
			<SpyName>TXT_KEY_SPY_NAME_UNIVERSAL_0</SpyName>
		</Row>
		<Row>
			<CivilizationType>CIVILIZATION_GREECE</CivilizationType>
			<SpyName>TXT_KEY_SPY_NAME_UNIVERSAL_1</SpyName>
		</Row>
		<Row>
			<CivilizationType>CIVILIZATION_GREECE</CivilizationType>
			<SpyName>TXT_KEY_SPY_NAME_UNIVERSAL_2</SpyName>
		</Row>
		<Row>
			<CivilizationType>CIVILIZATION_GREECE</CivilizationType>
			<SpyName>TXT_KEY_SPY_NAME_UNIVERSAL_3</SpyName>
		</Row>
		<Row>
			<CivilizationType>CIVILIZATION_GREECE</CivilizationType>
			<SpyName>TXT_KEY_SPY_NAME_UNIVERSAL_4</SpyName>
		</Row>
		<Row>
			<CivilizationType>CIVILIZATION_GREECE</CivilizationType>
			<SpyName>TXT_KEY_SPY_NAME_UNIVERSAL_5</SpyName>
		</Row>
		<Row>
			<CivilizationType>CIVILIZATION_GREECE</CivilizationType>
			<SpyName>TXT_KEY_SPY_NAME_UNIVERSAL_6</SpyName>
		</Row>
		<Row>
			<CivilizationType>CIVILIZATION_GREECE</CivilizationType>
			<SpyName>TXT_KEY_SPY_NAME_UNIVERSAL_7</SpyName>
		</Row>
	</Civilization_SpyNames>
	<Civilization_Start_Along_Ocean>
		<Row>
			<CivilizationType>CIVILIZATION_GREECE</CivilizationType>
			<StartAlongOcean>true</StartAlongOcean>
		</Row>
	</Civilization_Start_Along_Ocean>
	<Civilization_UnitClassOverrides>
		<Delete CivilizationType="CIVILIZATION_GREECE" UnitType="UNIT_GREEK_COMPANIONCAVALRY"/>
		<Delete CivilizationType="CIVILIZATION_GREECE" UnitType="UNIT_GREEK_HOPLITE"/>
		<Row>
			<CivilizationType>CIVILIZATION_GREECE</CivilizationType>
			<UnitClassType>UNITCLASS_SS_BOOSTER</UnitClassType>
			<UnitType>UNIT_DRAGON</UnitType>
		</Row>
		<Row>
			<CivilizationType>CIVILIZATION_GREECE</CivilizationType>
			<UnitClassType>UNITCLASS_SS_ENGINE</UnitClassType>
			<UnitType>UNIT_MDRAGON</UnitType>
		</Row>
		<Row>
			<CivilizationType>CIVILIZATION_GREECE</CivilizationType>
			<UnitClassType>UNITCLASS_SS_STASIS_CHAMBER</UnitClassType>
			<UnitType>UNIT_YDRAGON</UnitType>
		</Row>
		<Row>
			<CivilizationType>CIVILIZATION_GREECE</CivilizationType>
			<UnitClassType>UNITCLASS_SS_COCKPIT</UnitClassType>
			<UnitType>UNIT_FDRAGON</UnitType>
		</Row>
		<Row>
			<CivilizationType>CIVILIZATION_GREECE</CivilizationType>
			<UnitClassType>UNITCLASS_SPEARMAN</UnitClassType>
			<UnitType>UNIT_UNSULLIED</UnitType>
		</Row>
	</Civilization_UnitClassOverrides>
	<Civilization_BuildingClassOverrides>
		<Row>
			<CivilizationType>CIVILIZATION_GREECE</CivilizationType>
			<BuildingClassType>BUILDINGCLASS_CASTLE</BuildingClassType>
			<BuildingType>BUILDING_GREAT_PYRAMID</BuildingType>
		</Row>
	</Civilization_BuildingClassOverrides>
</GameData>