<?xml version="1.0" encoding="utf-8"?>
<!-- Created by ModBuddy on 6/4/2013 10:59:11 PM -->
<GameData>
	<ArtDefine_UnitInfoMemberInfos>
		<Delete UnitInfoType="ART_DEF_UNIT_BARBARIAN_EURO" UnitMemberInfoType="ART_DEF_UNIT_MEMBER_BARBARIAN_EURO_BRAVO"/>
		<Update>
			<Where UnitInfoType="ART_DEF_UNIT_BARBARIAN_EURO" UnitMemberInfoType="ART_DEF_UNIT_MEMBER_BARBARIAN_EURO_ALPHA"/>
			<Set NumMembers="6"/>
		</Update>
		<Row>
			<UnitInfoType>ART_DEF_UNIT_GIANT</UnitInfoType>
			<UnitMemberInfoType>ART_DEF_UNIT_MEMBER_BARBARIAN_EURO_BRAVO</UnitMemberInfoType>
			<NumMembers>1</NumMembers>
		</Row>
		<Delete UnitInfoType="ART_DEF_UNIT_U_SPANISH_TERCIO" UnitMemberInfoType="ART_DEF_UNIT_MEMBER_U_SPANISH_TERCIO_ARCABUCERO"/>
		<Update>
			<Where UnitInfoType="ART_DEF_UNIT_U_SPANISH_TERCIO" UnitMemberInfoType="ART_DEF_UNIT_MEMBER_U_SPANISH_TERCIO_PIQUERO"/>
			<Set NumMembers="12"/>
		</Update>
	</ArtDefine_UnitInfoMemberInfos>
	<ArtDefine_UnitMemberInfos>
		<Update>
			<Where Type="ART_DEF_UNIT_MEMBER_BARBARIAN_EURO_BRAVO"/>
			<Set Scale=".26"/>
		</Update>
	</ArtDefine_UnitMemberInfos>
	<ArtDefine_UnitInfos>
		<Row>
			<Type>ART_DEF_UNIT_GIANT</Type>
			<DamageStates>1</DamageStates>
			<Formation>Barbarian</Formation>
		</Row>
	</ArtDefine_UnitInfos>
</GameData>