<?xml version="1.0" encoding="utf-8"?>
<!-- Created by ModBuddy on 10/20/2012 10:17:06 AM -->
<GameData>
	<Processes>
		<!--Move Research from Education to Mathematics -->
		<Update>
			<Where Type="PROCESS_RESEARCH"/>
			<Set TechPrereq="TECH_MATHEMATICS"/>
		</Update>
	</Processes>
	<Era_NewEraVOs>
		<!--Disable New Era Voice Overs-->
		<Delete EraType="ERA_CLASSICAL"/>
		<Delete EraType="ERA_MEDIEVAL"/>
		<Delete EraType="ERA_RENAISSANCE"/>
	</Era_NewEraVOs>
	<Technologies>
		<!-- Move All Water Embarkation -->
		<Update>
			<Where Type="TECH_COMPASS"/>
			<Set EmbarkedAllWaterPassage="true"/>
		</Update>
		<Update>
			<Where Type="TECH_ASTRONOMY"/>
			<Set EmbarkedAllWaterPassage="false"/>
		</Update>
		<!-- Extend Techs -->
		<Update>
			<Where Type="TECH_POTTERY"/>
			<Set Cost="50"/>
		</Update>
		<Update>
			<Where Type="TECH_ANIMAL_HUSBANDRY"/>
			<Set Cost="50"/>
		</Update>
		<Update>
			<Where Type="TECH_ARCHERY"/>
			<Set Cost="50"/>
		</Update>
		<Update>
			<Where Type="TECH_MINING"/>
			<Set Cost="50"/>
		</Update>
		<Update>
			<Where Type="TECH_SAILING"/>
			<Set Cost="80"/>
		</Update>
		<Update>
			<Where Type="TECH_CALENDAR"/>
			<Set Cost="80"/>
		</Update>
		<Update>
			<Where Type="TECH_WRITING"/>
			<Set Cost="80"/>
		</Update>
		<Update>
			<Where Type="TECH_TRAPPING"/>
			<Set Cost="80"/>
		</Update>
		<Update>
			<Where Type="TECH_THE_WHEEL"/>
			<Set Cost="80"/>
		</Update>
		<Update>
			<Where Type="TECH_MASONRY"/>
			<Set Cost="80"/>
		</Update>
		<Update>
			<Where Type="TECH_BRONZE_WORKING"/>
			<Set Cost="80"/>
		</Update>
		<Update>
			<Where Type="TECH_OPTICS"/>
			<Set Cost="125"/>
		</Update>
		<Update>
			<Where Type="TECH_HORSEBACK_RIDING"/>
			<Set Cost="155"/>
		</Update>
		<Update>
			<Where Type="TECH_MATHEMATICS"/>
			<Set Cost="155"/>
		</Update>
		<Update>
			<Where Type="TECH_CONSTRUCTION"/>
			<Set Cost="155"/>
		</Update>
		<Update>
			<Where Type="TECH_PHILOSOPHY"/>
			<Set Cost="260"/>
		</Update>
		<Update>
			<Where Type="TECH_DRAMA"/>
			<Set Cost="260"/>
		</Update>
		<Update>
			<Where Type="TECH_CURRENCY"/>
			<Set Cost="260"/>
		</Update>
		<Update>
			<Where Type="TECH_ENGINEERING"/>
			<Set Cost="260"/>
		</Update>
		<Update>
			<Where Type="TECH_IRON_WORKING"/>
			<Set Cost="290"/>
		</Update>
		<Update>
			<Where Type="TECH_THEOLOGY"/>
			<Set Cost="410"/>
		</Update>
		<Update>
			<Where Type="TECH_CIVIL_SERVICE"/>
			<Set Cost="410"/>
		</Update>
		<Update>
			<Where Type="TECH_GUILDS"/>
			<Set Cost="410"/>
		</Update>
		<Update>
			<Where Type="TECH_METAL_CASTING"/>
			<Set Cost="410"/>
		</Update>
		<Update>
			<Where Type="TECH_COMPASS"/>
			<Set Cost="560"/>
		</Update>
		<Update>
			<Where Type="TECH_EDUCATION"/>
			<Set Cost="725"/>
		</Update>
		<Update>
			<Where Type="TECH_CHIVALRY"/>
			<Set Cost="725"/>
		</Update>
		<Update>
			<Where Type="TECH_MACHINERY"/>
			<Set Cost="725"/>
		</Update>
		<Update>
			<Where Type="TECH_PHYSICS"/>
			<Set Cost="725"/>
		</Update>
		<Update>
			<Where Type="TECH_STEEL"/>
			<Set Cost="725"/>
		</Update>
		<Update>
			<Where Type="TECH_ASTRONOMY"/>
			<Set Cost="1150"/>
		</Update>
		<Update>
			<Where Type="TECH_BANKING"/>
			<Set Cost="1150"/>
		</Update>
		<Update>
			<Where Type="TECH_FUTURE_TECH"/>
			<Set Cost="1725"/>
		</Update>
		<!-- DISABLE TECHS IN CERTAIN ERAS -->
		<Update>
			<Set Disable="1"/>
			<Where Era="ERA_RENAISSANCE"/>
		</Update>
		<Update>
			<Set Disable="1"/>
			<Where Era="ERA_INDUSTRIAL"/>
		</Update>
		<Update>
			<Set Disable="1"/>
			<Where Era="ERA_MODERN"/>
		</Update>
		<Update>
			<Set Disable="1"/>
			<Where Era="ERA_POSTMODERN"/>
		</Update>
		<Update>
			<Set Disable="1"/>
			<Where Era="ERA_FUTURE"/>
		</Update>
		
		<!-- REENABLE TECHS -->
		<Update>
			<Set Disable="0"/>
			<Where Type="TECH_FUTURE_TECH"/>
		</Update>
		<Update>
			<Set Disable="0"/>
			<Where Type="TECH_BANKING"/>
		</Update>
		<Update>
			<Set Disable="0"/>
			<Where Type="TECH_ASTRONOMY"/>
		</Update>
	</Technologies>
	<Technology_PrereqTechs>
		<Delete TechType="TECH_FUTURE_TECH" PrereqTech="TECH_GLOBALIZATION"/>
		<Delete TechType="TECH_FUTURE_TECH" PrereqTech="TECH_PARTICLE_PHYSICS"/>
		<Delete TechType="TECH_FUTURE_TECH" PrereqTech="TECH_NUCLEAR_FUSION"/>
		<Delete TechType="TECH_FUTURE_TECH" PrereqTech="TECH_NANOTECHNOLOGY"/>
		<Delete TechType="TECH_FUTURE_TECH" PrereqTech="TECH_STEALTH"/>
		<Row>
			<TechType>TECH_FUTURE_TECH</TechType>
			<PrereqTech>TECH_BANKING</PrereqTech>
		</Row>
		<Row>
			<TechType>TECH_FUTURE_TECH</TechType>
			<PrereqTech>TECH_ASTRONOMY</PrereqTech>
		</Row>
	</Technology_PrereqTechs>
	<Eras>
		<!-- START SPIES EARLIER -->
		<Update>
			<Where Type="ERA_CLASSICAL"/>
			<Set SpiesGrantedForEveryone="1"/>
		</Update>
		<Update>
			<Where Type="ERA_MEDIEVAL"/>
			<Set SpiesGrantedForPlayer="1"/>
		</Update>
		<Update>
			<Where Type="ERA_RENAISSANCE"/>
			<Set SpiesGrantedForPlayer="1" SpiesGrantedForEveryone="0"/>
		</Update>
	</Eras>
	
</GameData>