<?xml version="1.0" encoding="utf-8"?>
<!-- Created by ModBuddy on 2/6/2013 8:11:52 PM -->
<GameData>
	<PolicyBranchTypes>
		<Update>
			<Where Type="POLICY_BRANCH_PATRONAGE"/>
			<Set EraPrereq="ERA_CLASSICAL"/>
		</Update>
		<Update>
			<Where Type="POLICY_BRANCH_COMMERCE"/>
			<Set EraPrereq="ERA_CLASSICAL"/>
		</Update>
		<Update>
			<Where Type="POLICY_BRANCH_RATIONALISM"/>
			<Set EraPrereq="ERA_MEDIEVAL"/>
		</Update>
		<Update>
			<Where Type="POLICY_BRANCH_FREEDOM"/>
			<Set EraPrereq="ERA_MEDIEVAL"/>
		</Update>
		<Update>
			<Where Type="POLICY_BRANCH_ORDER"/>
			<Set EraPrereq="ERA_RENAISSANCE"/>
		</Update>
		<Update>
			<Where Type="POLICY_BRANCH_AUTOCRACY"/>
			<Set EraPrereq="ERA_RENAISSANCE"/>
		</Update>
	</PolicyBranchTypes>
	<Policy_BuildingClassYieldModifiers>
		<Update>
			<Where PolicyType="POLICY_PLANNED_ECONOMY"/>
			<Set BuildingClassType="BUILDINGCLASS_WORKSHOP"/>
		</Update>
	</Policy_BuildingClassYieldModifiers>
	<Policy_BuildingClassProductionModifiers>
		<Update>
			<Where PolicyType="POLICY_PLANNED_ECONOMY"/>
			<Set BuildingClassType="BUILDINGCLASS_WORKSHOP"/>
		</Update>
	</Policy_BuildingClassProductionModifiers>
	<Policy_BuildingClassYieldChanges>
		<Update>
			<Where PolicyType="POLICY_CONSTITUTION"/>
			<Set BuildingClassType="BUILDINGCLASS_GARDEN" YieldType="YIELD_CULTURE" YieldChange="2"/> 
		</Update>
	</Policy_BuildingClassYieldChanges>
</GameData>